number,temperature,wind_speed,relative_humidity,yield_of_apples,sum_yield
0,74.822,2.0803542,42.42,54.98391771000001,54.98391771000001
1,71.40384263,2.443009216,24.32869729,44.418228289300004,99.40214599930002
2,60.638,17.0678522,8.9,32.59049261,131.9926386093
3,70.13889487,4.337363056,12.18910187,37.8739217793,169.8665603886
4,44.294,1.8566602,92.41,66.23013301,236.0966933986
5,78.404,9.9320136,35.13,53.34340068,289.4400940786
6,70.04330432,3.745586538,10.65742166,37.0354771009,326.4755711795
7,51.71,2.5277422,80.47,63.63088711,390.1064582895
8,80.582,4.5186188,29.58,51.277830939999994,441.3842892295
9,47.498,4.9436374,88.6,65.92128187,507.30557109949996
10,77.036,3.8251674,22.07,45.89245837,553.1980294694999
11,45.716,5.8607828,90.56,66.14523914,619.3432686095
12,49.784,1.2750558,73.15,59.04155279,678.3848213995
13,62.438,2.6172198,43.64,50.04796099,728.4327823895
14,86.432,1.2079476,15.19,46.54979738,774.9825797694999
15,70.86526349,1.847278084,12.11088934,38.0371771447,813.0197569141999
17,77.01896058,2.274725297,21.03146177,45.28799941084999,858.3077563250499
18,67.082,4.8765292,18.9,39.88072646,898.1884827850499
19,68.576,9.5517338,7.54,35.10678669,933.29526947505
20,62.96438312,12.68043574,18.80951786,38.372753121,971.6680225960499
21,67.676,2.460634,40.64,50.8972317,1022.5652542960499
22,68.81877189,2.576537767,11.74220123,36.968374853849994,1059.5336291499
23,47.57,6.263432,54.55,48.994671600000004,1108.5283007499
24,71.65957221,1.946446506,11.19424977,37.941254704799995,1146.4695554547
25,50.666,2.5277422,76.88,61.366087109999995,1207.8356425647
26,49.892,4.8541598,92.1,68.74410799,1276.5797505547
27,78.62,1.8119214,47.89,59.41459607,1335.9943466247
28,40.118,10.5359874,86.43,61.79489937,1397.7892459947
29,45.428,8.3437862,86.15,63.93478931,1461.7240353047
30,91.112,2.5277422,25.62,53.936787110000004,1515.6608224147
31,55.544,2.5948504,79.92,65.08454252,1580.7453649347
32,76.226,4.0936002,19.17,44.09138001,1624.8367449447
33,63.914,14.4506324,19.68,39.32383162000001,1664.1605765647
34,59.882,4.2949248,22.47,38.396646239999995,1702.5572228047
35,85.082,2.013246,32.02,54.397562300000004,1756.9547851047
36,53.996,6.822667,89.77,69.52433335,1826.4791184547
37,64.166,2.125093,58.57,58.26595465,1884.7450731047
38,50.36,8.5227414,91.22,68.69813707,1953.4432101747
39,60.95534153,1.664442299,12.1096289,33.567940253450004,1987.01115042815
40,64.22,10.7596814,34.63,46.751984070000006,2033.7631344981498
41,68.666,14.204569,17.58,40.39992845,2074.1630629481497
42,49.55,1.7448132,34.35,39.55974066,2113.7228036081497
43,64.688,5.6594582,43.37,51.07757291,2164.8003765181497
44,68.882,9.8872748,14.23,38.60626374,2203.4066402581498
45,67.658,8.2543086,35.05,48.38381543,2251.79045568815
46,65.66,6.0621074,74.22,66.96010537000001,2318.7505610581497
47,87.188,1.565858,12.88,45.7528929,2364.5034539581497
48,67.316,1.230317,13.89,37.29871585,2401.8021698081498
49,69.03107042,7.55777528,14.69250133,38.78812111800001,2440.59029092615
50,65.876,4.4962494,10.35,35.04401247,2475.63430339615
51,76.982,1.3197946,15.54,42.47788973,2518.1121931261496
52,74.336,4.1830778,12.48,39.900353890000005,2558.0125470161497
53,68.92146556,9.7874074,8.082800654,35.545430199,2593.5579772151495
54,70.33053243,3.059696039,22.85968417,43.231566480450006,2636.7895436955996
55,45.014,3.0646078,57.71,49.264530390000004,2686.0540740855995
56,45.626,5.2120702,85.71,63.64730351,2749.7013775955993
57,66.992,2.460634,29.89,45.214431700000006,2794.9158092955995
58,76.766,1.2974252,19.74,44.47957126,2839.3953805555993
59,61.304,1.7224438,78.78,67.06292219,2906.458302745599
60,73.778,0.9395148,11.48,38.98707574000001,2945.445378485599
61,46.652,16.4862478,91.36,67.49771239,3012.943090875599
62,61.988,4.4515106,60.65,58.44217553,3071.385266405599
63,53.258,3.131716,25.09,36.6676858,3108.052952205599
64,78.314,3.7580592,29.71,50.28420296,3158.337155165599
65,83.228,2.6619586,16.5,45.835697929999995,3204.1728530955993
66,61.754,10.4241404,17.7,37.16050702,3241.333360115599
67,66.35298837,17.52793246,14.4246214,37.94755208950001,3279.280912205099
68,69.368,6.9568834,28.63,45.878444169999995,3325.159356375099
69,57.03648251,12.38532935,14.9694299,33.770398547,3358.9297549220987
70,82.06433413,2.234508146,16.57866197,45.3300067508,3404.2597616728985
71,57.13349912,14.61830695,18.64230606,35.762142981500006,3440.0219046543984
72,74.51537627,13.87609399,9.406636211,38.92904212650001,3478.9509467808984
73,54.572,1.5211192,89.84,69.55345596000001,3548.5044027408985
74,53.978,1.8566602,17.39,33.07793301,3581.5823357508984
75,53.492,13.4440094,31.47,40.47860047,3622.0609362208984
76,76.74220082,3.771458562,13.56782358,41.5064750871,3663.5674113079986
77,38.138,4.5186188,29.8,32.28803094,3695.8554422479983
78,68.252,9.9320136,24.66,43.54000068,3739.3954429279984
79,61.34,4.8988986,13.89,34.792944930000004,3774.1883878579984
80,65.444,3.5567346,21.61,40.43263673,3814.6210245879984
81,58.298,5.9055216,25.76,39.40937608,3854.0304006679985
82,49.55,2.3264176,69.78,57.30382088,3911.3342215479984
83,43.862,5.8384134,85.18,62.61982067,3973.9540422179984
84,63.824,7.6503348,20.63,39.41831674,4013.3723589579986
85,50.288,2.684328,58.73,52.1288164,4065.5011753579984
86,85.66162976,2.158058057,31.21856628,54.26491943485,4119.766094792848
87,76.082,1.901399,47.52,58.091969950000006,4177.858064742848
88,69.38887311,10.97695077,8.498335363,36.0230081195,4213.881072862348
89,68.162,1.7224438,34.63,48.07402219000001,4261.955095052348
90,72.89987778,1.026577543,18.91876489,42.315656323149994,4304.270751375498
91,83.84,1.5211192,17.49,46.54905596,4350.819807335498
92,74.08463941,3.416405485,11.07931552,39.048565768749995,4389.868373104247
93,47.97039461,10.99845315,22.14770138,33.21045092200001,4423.078824026247
94,79.376,3.2211936,13.07,42.415259680000005,4465.494083706248
95,54.896,4.9883762,13.51,31.707618810000003,4497.201702516248
96,68.09384795,2.14658555,12.47944521,36.989283459999996,4534.190985976247
97,43.16,23.5549782,19.38,30.28974891,4564.480734886247
98,51.638,7.4042714,91.69,69.45231357,4633.933048456247
99,46.67,1.7000744,38.09,40.13150372,4674.064552176247
100,77.558,1.1855782,62.1,66.01037891000001,4740.0749310862475
101,78.476,5.9502604,20.19,45.706713019999995,4785.781644106248
102,61.5186601,14.40562685,19.53916528,38.173261027500004,4823.954905133748
103,54.536,5.0107456,82.28,65.93173728,4889.886642413748
104,68.72379995,16.12642905,15.05815004,39.26110645,4929.147748863747
105,73.868,4.138339,58.91,62.90251695,4992.0502658137475
106,47.21,7.6279654,90.68,66.96589827,5059.016164083748
107,69.6873731,3.65013425,17.1085399,40.0960945575,5099.1122586412475
108,74.192,4.7199434,14.73,40.987397169999994,5140.099655811247
109,62.6,4.9436374,28.55,42.69218187,5182.791837681248
110,47.52111016,6.11125373,50.75183903,47.0659817735,5229.857819454748
111,58.82,15.6138412,21.5,37.99969206,5267.857511514748
112,62.654,3.5343652,47.43,52.08601826,5319.943529774748
113,53.744,2.8185444,28.68,38.665727219999994,5358.609256994748
114,47.138,3.8922756,72.29,57.55171378,5416.1609707747475
115,75.236,2.3040482,35.96,51.95140241,5468.112373184747
116,69.16552065,1.382894185,15.93544664,39.16135232175,5507.273725506498
117,79.24467791,1.110306816,13.36818385,42.399712325299994,5549.673437831798
118,65.984,2.8856526,13.85,36.762082629999995,5586.435520461798
119,51.17,1.565858,89.85,68.0297929,5654.465313361798
120,76.172,6.263432,35.85,52.5155716,5706.9808849617975
121,75.002,1.1632088,13.92,40.769060440000004,5747.749945401798
122,74.732,2.0579848,27.48,47.472299240000005,5795.222244641798
123,62.744,3.019869,45.21,50.99079345,5846.213038091798
124,79.628,3.2659324,12.76,42.37589662,5888.588934711798
125,70.34564733,4.181992575,18.35525613,41.04226899225,5929.631203704048
126,75.038,3.131716,48.53,58.1886858,5987.819889504048
127,57.18647316,9.994809533,17.44536238,34.956334588649995,6022.776224092698
128,88.844,1.4092722,7.37,43.73526361,6066.511487702698
129,68.45261063,4.671545946,18.39975068,40.2371274208,6106.748615123498
130,76.928,1.2974252,42.52,55.942471260000005,6162.691086383498
131,66.866,2.684328,62.27,61.3589164,6224.050002783499
132,71.726,12.2136924,16.09,40.93238462,6264.982387403499
133,70.25,3.4001488,19.64,41.60250744,6306.5848948435
134,57.81023706,5.38511667,14.3792334,33.4734792105,6340.058374054
135,48.416,2.0579848,65.12,54.45009924,6394.5084732939995
136,65.89729045,3.016972003,10.72026911,35.16476385765,6429.673237151649
137,72.752,2.460634,41.95,53.8364317,6483.509668851649
138,64.814,1.1855782,60.8,59.625578909999994,6543.135247761648
139,64.61826922,3.815591981,12.2849738,35.41148764805,6578.546735409698
140,75.416,2.3040482,48.57,58.337402409999996,6636.8841378196985
141,50.00212297,5.9064336,39.93988672,42.7662203765,6679.650358196199
142,71.20382278,1.690793397,17.10315068,40.67783526085,6720.328193457049
143,57.308,9.4846256,37.21,44.867831280000004,6765.196024737049
144,68.648,2.1474624,34.08,48.038973119999994,6813.234997857049
145,73.688,2.2593094,40.98,53.76256547,6866.997563327049
146,61.12808283,8.576565466,17.20774274,36.5403369168,6903.5379002438485
147,76.424,2.3935258,33.11,51.06547629000001,6954.603376533849
148,57.956,3.131716,60.46,56.4667858,7011.070162333849
149,66.92,2.2145706,28.14,44.29472853,7055.364890863849
150,56.53274375,7.695570649,13.49691652,32.57297147995,7087.937862343799
151,53.51,3.802798,84.48,66.5096399,7154.447502243799
152,79.952,3.6014734,23.25,47.78347367,7202.230975913799
153,56.048,3.8699062,18.95,34.89009531,7237.121071223799
154,53.564,5.256809,19.89,34.31164045,7271.432711673799
155,50.054,2.9303914,70.76,58.05081957,7329.483531243799
156,66.06856811,16.99667398,14.58678058,37.8740796385,7367.357610882299
157,75.25061053,1.963296053,43.52907512,55.72547710115,7423.083087983449
158,55.454,6.4647566,24.28,37.41753783,7460.500625813449
159,56.534,1.6329662,81.99,66.51694831,7527.017574123449
160,73.19115622,3.390924927,13.80796287,40.00954798035,7567.027122103799
161,47.66,1.6105968,89.84,66.44752984,7633.4746519437995
162,70.718,4.4067718,13.16,38.62343859,7672.098090533799
163,86.23975056,1.742951989,8.810402446,43.300236574450004,7715.398327108249
164,64.886,3.467257,38.22,48.48206285,7763.880389958249
165,59.81076306,17.89629188,8.762945026,32.191130484,7796.071520442249
166,60.314,2.3040482,62.44,58.476502409999995,7854.548022852248
167,65.21846162,5.723355288,18.6347566,38.9518537934,7893.499876645648
168,81.45133349,1.734641613,15.90510835,44.69238632615001,7938.192262971798
169,46.922,16.2401844,91.34,67.59690922,8005.789172191799
170,56.966,17.8731506,15.36,34.20835753,8039.997529721799
171,78.944,1.565858,36.35,53.778092900000004,8093.775622621799
172,74.786,6.6660812,22.33,45.15200406,8138.927626681799
173,55.96469778,8.828660563,20.43537504,35.843234549150004,8174.770861230949
174,58.406,10.6030956,17.98,35.80285478,8210.57371601095
175,84.236,1.11847,35.47,55.697123500000004,8266.27083951095
176,56.696,12.2136924,14.93,33.58888462,8299.859724130949
178,60.926,5.1897008,13.16,34.256185040000005,8334.115909170949
179,68.06004299,10.56738329,9.374424197,35.8426006085,8369.958509779448
180,51.224,3.2659324,88.43,67.42909662,8437.387606399448
181,72.356,3.802798,52.34,58.9203399,8496.307946299448
182,61.25,5.6147194,32.16,43.92323596999999,8540.231182269448
183,84.28745579,1.892737962,13.6867076,44.8673458036,8585.098528073047
184,84.362,1.4316416,37.64,56.85448208,8641.953010153047
185,77.0837053,4.324869059,10.07382203,39.94082185295001,8681.893832005997
186,71.042,2.4158952,49.01,56.594694759999996,8738.488526765997
187,56.86397406,12.29836798,14.94945239,33.678432921,8772.166959686998
188,69.368,2.6395892,19.95,41.32257946,8813.489539146998
189,55.562,3.243563,90.66,70.49507815,8883.984617296997
190,57.506,1.9685072,37.44,44.696125359999996,8928.680742656998
191,47.246,13.980875,16.71,30.31474375,8958.995486406997
192,42.62,5.256809,36.79,37.83684045,8996.832326856997
193,66.002,2.2816788,32.06,45.84498394,9042.677310796997
194,48.74,2.5277422,90.7,67.40938711,9110.086697906996
195,73.16857813,1.63004495,11.81458456,38.914654686,9149.001352592995
196,47.804,3.3106712,90.09,66.72233356000001,9215.723686152995
197,75.434,2.1474624,15.09,41.59767312,9257.321359272995
198,60.27479795,3.300545669,19.8183735,37.19787311095,9294.519232383946
199,60.81012419,1.906562783,8.3099531,31.614860574650002,9326.134092958595
200,49.68650273,10.22502142,23.07243455,34.4063945745,9360.540487533095
201,66.09908715,9.650178615,13.09353397,36.773865133250005,9397.314352666344
202,50.666,1.006623,91.15,68.42503115,9465.739383816344
203,62.51,8.3214168,40.25,48.670570839999996,9514.409954656345
204,41.36,12.2584312,89.68,64.06492156,9578.474876216345
205,84.272,1.0513618,16.68,46.31496809000001,9624.789844306346
206,74.894,6.9792528,27.36,47.731262640000004,9672.521106946346
207,59.324,3.3777794,66.45,60.08968897,9732.610795916346
208,63.176,4.4067718,31.74,44.51953859,9777.130334506346
209,64.004,6.6213424,8.73,33.49786712,9810.628201626347
210,79.106,2.2816788,20.13,45.776783939999994,9856.404985566347
211,75.05238781,2.013337411,10.67546224,39.21197250505,9895.616958071398
212,58.60710231,11.21570137,17.3082965,35.588129358,9931.205087429398
213,45.284,8.4108944,77.13,59.36334472,9990.568432149399
214,78.66944499,2.901135951,18.10408267,44.59834837805,10035.166780527448
215,45.482,7.2253162,55.88,48.76816581,10083.934946337447
216,60.692,4.362033,34.77,44.914501650000005,10128.849447987448
217,40.622,1.7224438,79.26,57.996022190000005,10186.845470177448
218,48.61428416,11.3135682,28.24334024,36.563776402,10223.409246579447
219,60.53349648,4.472759068,11.81543762,33.3714301794,10256.780676758848
220,70.92150085,5.090498516,17.41592061,40.8771606133,10297.657837372148
221,74.21498778,2.924410013,13.41607864,40.25100432165,10337.908841693798
222,68.81,3.5567346,50.36,56.32233673,10394.231178423797
223,79.46219997,1.465764042,14.86957859,43.266067483600004,10437.497245907398
224,40.46,16.1283374,79.78,58.90341687,10496.400662777398
225,79.502,6.71082,24.16,48.191441,10544.592103777399
226,63.572,8.5674802,51.62,54.84577401,10599.437877787399
227,66.776,1.5211192,51.97,56.11025596,10655.5481337474
228,65.5192357,3.77668495,22.89603974,41.1205101825,10696.6686439299
229,72.644,4.7199434,47.51,56.680797170000005,10753.3494410999
230,56.282,3.1988242,89.95,70.46184121,10823.8112823099
231,76.874,2.8632832,32.28,50.87646416,10874.6877464699
232,70.322,6.1292156,49.43,56.666360780000005,10931.3541072499
233,62.87,10.7149426,21.11,39.382247129999996,10970.7363543799
234,69.314,10.9162672,8.3,35.88711336,11006.6234677399
235,70.55233656,3.337398212,10.91538616,37.3731144426,11043.9965821825
236,42.476,7.1358386,84.08,61.51099193,11105.5075741125
237,71.09229021,3.942863916,13.30978526,38.8435664203,11144.3511405328
238,62.93208054,9.134018007,16.54143045,37.04685236835,11181.397992901151
239,57.398,9.1267152,13.49,33.030435759999996,11214.428428661151
240,49.946,8.388525,50.36,48.07512625,11262.50355491115
241,62.402,11.8334126,20.63,38.98757063,11301.491125541152
242,75.22466243,6.690025815,15.48874732,41.92997304425,11343.421098585402
243,55.526,9.395148,91.12,71.01645740000001,11414.437555985402
244,63.968,3.4896264,22.56,40.24008132,11454.677637305402
245,65.20178968,3.626740706,24.3668217,41.7055532413,11496.383190546701
246,40.838,5.5699806,70.31,53.810599030000006,11550.1937895767
247,74.318,1.0513618,24.75,45.87066809,11596.0644576667
248,45.392,11.2070694,90.47,66.22175347,11662.2862111367
249,59.09,20.8930196,12.86,34.06515098,11696.3513621167
250,74.93,11.6544574,53.83,61.21622287,11757.5675849867
251,68.22350765,4.538617584,10.45281845,36.153918546700005,11793.721503533401
252,68.612,7.605596,40.14,51.3256798,11845.047183333401
253,72.72259406,2.611461343,16.69798676,41.20473377415,11886.251917107551
254,73.454,1.454011,19.25,42.75200055,11929.00391765755
255,71.29991157,4.266622538,14.42305345,39.50981805840001,11968.51373571595
256,68.63,3.9817532,59.21,60.68758766,12029.20132337595
257,80.31328745,1.381721488,19.29905188,45.859591366900005,12075.06091474285
258,65.16357022,3.544045494,11.99979093,35.5007043387,12110.561619081549
259,74.57,1.4092722,47.51,57.38196361,12167.943582691549
260,89.402,1.7224438,12.05,46.342022189999994,12214.285604881548
261,84.578,3.131716,16.74,46.586685800000005,12260.87229068155
262,58.38059785,10.63627255,17.99087636,35.79852084,12296.67081152155
263,73.21167026,1.359570338,22.7612053,44.3938327839,12341.06464430545
264,70.286,2.796175,12.21,37.87350875,12378.938153055451
265,68.378,0.6934514,20.19,40.89977257,12419.83792562545
266,64.454,4.0041226,10.97,34.68950613,12454.52743175545
267,63.086,15.434886,15.67,36.9954443,12491.522876055451
268,59.54,1.9461378,43.63,48.70530689,12540.228182945451
269,60.43336922,12.48279264,18.13637262,36.887342091,12577.115525036452
270,63.11632857,9.38454164,16.22531864,36.9842342585,12614.099759294952
271,64.364,2.9751302,22.19,40.20755651,12654.307315804952
272,45.734,7.3147938,90.61,66.25103969,12720.558355494952
273,49.37,10.2004464,34.7,40.07652232,12760.634877814951
274,50.31093889,13.45038354,28.34741392,37.48614863750001,12798.12102645245
275,68.61954067,3.9575881,15.45566476,38.8045050865,12836.925531538951
276,85.71935991,2.327021942,15.66874657,46.524436341599994,12883.449967880551
277,62.6,2.7514362,52.58,54.597571810000005,12938.047539690551
278,78.512,3.914645,34.71,52.88113225000001,12990.928671940552
279,86.342,1.7448132,8.68,43.281140660000005,13034.209812600551
280,68.954,2.23694,35.16,48.721147,13082.930959600551
282,74.20858416,8.161792183,15.66055566,41.632230311149996,13124.563189911702
283,49.532,5.9502604,91.4,68.28691302,13192.850102931701
284,56.99471668,2.901722608,21.67838488,36.6319010764,13229.482004008101
285,75.40805734,1.644036217,14.79946385,41.41555953885,13270.89756354695
286,82.66416426,1.311490874,15.61173428,45.07031560070001,13315.96787914765
287,51.098,5.3015478,76.05,61.284177389999996,13377.25205653765
288,48.254,11.4978716,89.75,67.16419358,13444.41625011765
289,52.754,3.019869,66.2,56.99029345,13501.406543567651
290,64.34359081,11.05326069,14.11972166,36.567139729,13537.973683296652
291,51.836,1.677705,61.38,54.10008525000001,13592.073768546652
292,81.45214955,1.876678521,27.88601462,50.69030853355,13642.764077080203
293,77.0278835,5.352933499,19.9366652,44.89852684995,13687.662603930152
294,75.9300745,4.900103325,19.74461351,44.28584544625001,13731.948449376401
295,72.24249065,2.815387376,18.83472065,42.0672504863,13774.0156998627
296,49.082,1.7000744,77.33,60.836903719999995,13834.8526035827
297,73.616,2.4158952,12.99,39.74299476,13874.5955983427
298,48.74219853,14.15724013,17.25063181,31.267167250000004,13905.8627655927
299,43.862,1.2526864,85.0,62.30053432,13968.1632999127
300,77.918,3.5119958,24.71,47.59369979,14015.7569997027
301,57.218,3.7133204,81.77,66.81876602,14082.5757657227
302,61.574,2.5501116,35.24,45.45580558,14128.031571302701
303,51.08,4.697574,46.23,46.335878699999995,14174.367450002701
304,63.60195396,6.086013317,10.01830228,33.93433108785,14208.301781090551
305,56.426,10.2451852,22.64,37.22395926,14245.525740350551
306,72.824,1.4987498,25.92,45.805737490000006,14291.331477840551
307,78.38301444,5.73771025,19.42487217,45.2716780955,14336.60315593605
308,69.22872653,21.18064407,14.76320266,39.59356047200001,14376.19671640805
309,84.146,1.7224438,28.29,52.09682219,14428.29353859805
310,44.06,7.5161184,90.43,65.41780592,14493.711344518051
311,85.55,3.1764548,16.08,46.69632274,14540.40766725805
312,89.78,2.6395892,30.27,55.66797946,14596.07564671805
313,76.53272584,3.729839123,12.40234867,40.82739291915,14636.9030396372
314,67.50973314,1.10993661,16.46413937,38.6669464285,14675.5699860657
315,63.266,6.7331894,62.82,60.21635947,14735.7863455357
316,48.056,2.684328,82.81,63.1644164,14798.950761935701
317,63.374,7.2253162,49.18,53.46956581,14852.420327745702
318,54.284,4.2054472,17.77,33.52307236,14885.943400105702
319,78.206,5.368656,13.49,42.2061328,14928.149532905702
320,58.766,4.6304658,87.9,70.62622329,14998.775756195702
321,53.60209408,12.12761178,17.36394962,33.409297735,15032.185053930702
322,54.7048843,5.026891007,14.42540404,32.08124450535001,15064.266298436052
323,44.726,9.0148682,87.27,64.21244340999999,15128.478741846053
324,71.384,2.1698318,75.48,69.97129158999999,15198.450033436053
325,79.178,1.6553356,40.04,55.732866779999995,15254.182900216052
326,62.762,14.8309122,11.22,34.59444561,15288.777345826053
327,58.496,4.0712308,24.05,38.55176154,15327.329107366053
328,62.02707785,8.247016861,19.01460029,37.83183602055,15365.160943386603
329,68.22001132,1.216893216,16.41271205,38.9662057798,15404.127149166403
330,61.988,11.0504836,19.24,38.06712418,15442.194273346402
331,73.50249595,0.958510766,12.87453981,39.5613186208,15481.755591967201
332,74.67577296,2.644399729,10.83953628,39.15608595845001,15520.911677925651
333,52.214,1.9908766,60.33,53.76084383,15574.67252175565
334,75.74,2.7514362,31.88,50.16057180999999,15624.83309356565
335,39.02,8.8135436,91.42,63.70967718,15688.542770745651
336,45.32,21.25093,84.09,63.5015465,15752.04431724565
337,63.518,1.3645334,7.32,32.31132667,15784.355643915651
338,42.512,11.3860246,89.77,64.58470123000001,15848.940345145651
339,72.968,3.1988242,19.96,42.97554121,15891.915886355651
340,81.37174566,2.614439223,15.82215431,44.659084663150004,15936.574971018801
341,76.622,4.2054472,19.08,44.23017236,15980.8051433788
342,46.112,16.217815,91.17,67.14629075,16047.951434128801
343,47.858,10.625465,57.7,50.91737325,16098.868807378802
344,79.178,1.4987498,34.3,52.85503749,16151.723844868802
345,81.95,10.1557076,19.8,47.285285380000005,16199.009130248802
346,66.6956673,9.361890964,17.82731464,39.3948021532,16238.403932402001
347,58.90810931,9.395120679,18.93314198,36.44497621345,16274.848908615451
348,43.646,9.171454,91.88,66.0392727,16340.888181315451
349,60.63699846,17.0708015,8.902153072,32.591265918000005,16373.47944723345
350,45.896,3.4001488,89.03,65.33820744,16438.81765467345
351,59.954,6.6884506,20.12,37.37372253,16476.19137720345
352,66.47,11.2294388,13.93,37.43797194,16513.629349143448
353,68.27722271,3.95103064,14.76524046,38.3049219815,16551.93427112495
354,67.81330144,9.555245,14.89222774,38.439861768,16590.37413289295
355,81.914,1.677705,29.99,51.94018525,16642.31431814295
356,58.46,2.1698318,32.7,42.76549159,16685.07980973295
357,61.05388861,10.9939139,17.74130451,36.894597824499996,16721.97440755745
358,58.514,10.0214912,13.88,33.77237456,16755.74678211745
359,68.21749494,5.170105725,18.27735168,40.09505384925,16795.8418359667
360,62.59743172,3.643050208,22.37015948,39.5360765244,16835.3779124911
361,65.80184531,21.52017709,12.27871544,36.826196964000005,16872.204109455102
362,71.114,12.1018454,13.94,39.57639227,16911.7805017251
363,69.31791272,4.670853574,13.76670499,38.3099558977,16950.090457622802
364,65.372,3.0646078,22.93,41.03563039,16991.126088012803
365,65.372,1.454011,39.37,49.175100549999996,17040.301188562804
366,57.164,14.0256138,19.24,36.04508069,17076.346269252805
367,49.946,1.454011,91.87,68.48340055,17144.829669802806
368,71.20520678,2.522801012,15.13919915,39.7380826766,17184.567752479405
369,63.032,3.9593838,37.05,47.08736919,17231.655121669406
370,74.948,1.3197946,57.9,62.74258972999999,17294.397711399408
371,75.902,8.7464354,42.09,55.63822177,17350.03593316941
372,66.326,1.8342908,47.61,53.74341454,17403.77934770941
373,78.854,2.8409138,15.77,43.51134569,17447.29069339941
374,78.65687296,2.639039347,17.63831369,44.34670164435,17491.63739504376
375,73.44189552,1.366093834,10.41924474,38.3267800457,17529.96417508946
376,75.84382067,1.30391354,17.43009839,42.9099641735,17572.87413926296
377,47.444,4.1159696,72.38,57.74559848,17630.61973774296
378,64.706,10.5807262,13.05,36.17173631,17666.79147405296
379,65.228,1.1855782,15.09,36.95687891,17703.74835296296
380,74.138,3.0646078,13.32,40.17533039,17743.92368335296
381,66.542,3.467257,20.64,40.43726285,17784.36094620296
382,63.968,3.2883018,26.6,42.250015090000005,17826.61096129296
383,73.42994491,1.024885233,12.96076068,39.57509981115,17866.186061104112
384,54.79058849,6.611144735,19.40615365,34.68939888225,17900.87545998636
385,57.614,2.5501116,76.67,64.38880558,17965.264265566362
386,79.214,2.8409138,17.69,44.633345690000006,18009.89761125636
387,55.4,5.368656,91.49,70.9434328,18080.84104405636
388,78.044,4.2725554,26.53,48.59842777,18129.43947182636
389,74.588,1.8342908,33.73,50.52131453999999,18179.960786366362
390,82.58315211,2.577089777,19.91117711,47.24686149335,18227.207647859712
391,68.054,4.6752046,14.5,38.10806023000001,18265.31570808971
392,62.114,4.5633576,76.03,66.19446788,18331.51017596971
393,68.89438461,3.37330212,17.9856135,40.1639449305,18371.67412090021
394,78.69746778,2.637338559,22.81590461,46.953679733950004,18418.62780063416
395,61.78811046,1.866895169,8.596749102,32.19636901645,18450.82416965061
396,58.64,10.2451852,28.13,40.96525926,18491.789428910608
397,60.08,18.9245124,13.13,34.54722562,18526.33665453061
398,56.264,3.5567346,75.16,63.076636730000004,18589.413291260607
399,59.882,15.099345,13.05,34.22686725,18623.640158510607
400,77.37667411,3.334137998,31.21607683,50.5942486644,18674.23440717501
401,60.51021538,20.72438109,11.45801709,33.994824520499996,18708.22923169551
402,46.994,5.6594582,91.33,67.09527291,18775.32450460551
403,74.552,3.7580592,34.16,50.81630296,18826.14080756551
404,59.972,3.0422384,32.3,43.289511919999995,18869.43031948551
405,61.88,3.4448876,15.21,35.62324438,18905.05356386551
406,66.416,4.0712308,13.42,36.800761539999996,18941.854325405508
407,48.902,4.47388,77.7,61.079594,19002.933919405506
408,53.492,3.0869772,23.67,36.060748860000004,19038.994668265506
409,67.85383333,4.32859364,18.48738543,39.9943473955,19078.989015661005
410,48.182,4.1830778,74.21,58.99605389,19137.985069551007
411,60.06418129,3.378980958,19.82925713,37.1124591934,19175.097528744405
412,59.486,3.3777794,19.84,36.85758897,19211.955117714406
413,65.696,9.9096442,11.4,35.758682209999996,19247.713799924404
414,58.298,4.6752046,32.4,42.66786023,19290.381660154406
415,51.512,5.0778538,68.52,57.69429269,19348.075952844407
416,77.62439967,2.130714809,16.13129142,43.10316130195,19391.17911414636
417,68.19483703,14.30845427,17.41872379,40.112461272000004,19431.29157541836
418,72.428,2.3711564,43.19,54.306157819999996,19485.59773323836
419,64.886,3.7580592,36.04,47.40660296,19533.00433619836
420,82.08455393,1.273779328,17.8492157,45.926346084900004,19578.93068228326
421,65.318,6.2186932,20.46,39.93403466,19618.86471694326
422,53.888,14.763804,19.11,34.5427902,19653.40750714326
423,70.124,2.908022,43.95,53.6762011,19707.08370824326
424,80.276,1.342164,19.27,45.8263082,19752.91001644326
425,68.39986219,13.09782124,9.777602566,36.3236303305,19789.23364677376
426,65.876,3.9593838,48.17,53.92716919,19843.160815963758
427,56.174,5.3239172,40.08,45.584495860000004,19888.745311823757
428,59.918,4.8765292,74.25,64.33192646,19953.077238283757
429,61.142,3.6238428,28.64,42.01509214000001,19995.09233042376
430,73.76724585,1.503156618,25.06369772,45.8022673234,20040.89459774716
431,68.68930518,13.00492854,10.28910353,36.704985523000005,20077.59958327016
432,60.044,2.348787,28.47,41.37223935,20118.97182262016
433,68.56876297,5.442571736,9.021708209,35.6389260278,20154.61074864796
434,72.32,2.125093,44.85,55.07525464999999,20209.68600329796
435,59.52882277,17.68292319,12.96527314,34.154752976,20243.84075627396
436,76.352,5.033115,30.93,50.075055750000004,20293.91581202396
437,69.84222257,5.676675693,14.91156137,39.16861462615,20333.084426650108
438,41.864,2.908022,91.6,64.78420109999999,20397.868627750107
439,54.392,7.7621818,20.89,35.309509090000006,20433.178136840106
440,73.04,2.8185444,25.4,45.70892722000001,20478.887064060105
441,73.148,2.2816788,26.27,46.16568394,20525.052748000104
442,65.23695711,3.891116646,9.161148737,34.1317609003,20559.184508900405
443,63.968,0.8724066,22.38,40.01922033,20599.203729230405
444,71.86255895,2.994232455,15.61895456,40.297340430249996,20639.501069660655
445,68.66170684,15.95716198,14.45057228,38.920912316999996,20678.421981977655
446,72.14,1.5882274,18.78,41.932411370000004,20720.354393347654
447,64.23715803,16.04767469,18.27250895,38.845359323000004,20759.199752670655
448,54.176,4.0712308,20.78,34.97276154,20794.172514210655
449,75.2646836,2.096383108,22.68373007,45.3157918104,20839.488306021056
450,72.05570529,6.522739585,12.99786028,39.250134499750004,20878.738440520807
451,56.714,1.4092722,62.89,57.03676361,20935.77520413081
452,73.25469603,4.491629747,12.10284365,39.24061652585,20975.01582065666
453,60.73776658,5.583109569,26.81209698,41.017198929450004,21016.03301958611
454,81.914,9.6859502,8.0,41.34559751,21057.37861709611
455,83.894,2.7066974,19.12,47.44763487000001,21104.82625196611
456,80.384,1.7671826,24.59,48.556159130000005,21153.38241109611
457,65.138,2.013246,17.16,37.9927623,21191.37517339611
458,76.10327975,3.411109146,26.61881505,47.72643886979999,21239.10161226591
459,82.4,2.0579848,10.76,42.56289924000001,21281.66451150591
460,63.302,6.1292156,13.83,35.70736078,21317.371872285912
461,87.314,3.2883018,23.16,51.03571509,21368.407587375914
462,52.232,4.809421,32.08,39.78487105,21408.192458425914
463,73.184,8.276678,47.53,57.1116339,21465.304092325914
464,68.414,6.2410626,31.22,46.70835313,21512.012445455915
465,66.47,9.3727786,14.71,37.735138930000005,21549.747584385914
466,52.286,5.5028724,52.37,49.98884362,21599.736428005916
467,54.14,1.4316416,90.84,69.85458208,21669.591010085915
468,66.56,4.47388,38.4,49.375693999999996,21718.966704085913
469,56.948,1.5434886,64.72,58.063774429999995,21777.030478515913
470,52.088,3.2883018,90.58,68.89401509,21845.924493605915
471,74.048,3.0869772,36.13,51.54094886,21897.465442465917
472,49.442,6.2858014,79.46,62.293190069999994,21959.758632535915
473,65.462,14.875651,8.04,34.22168255,21993.980315085915
474,48.686,8.0082452,91.89,68.25411226,22062.234427345917
475,74.33019242,1.163097198,14.73920053,40.876341713900004,22103.11076905982
476,62.834,3.2211936,36.63,46.75135968000001,22149.86212873982
477,72.99481725,2.200839329,27.03081148,46.47311546895,22196.33524420877
478,69.01193103,4.468167476,14.29432506,38.4259398673,22234.76118407607
479,46.634,2.7738056,76.02,59.13399028,22293.89517435607
480,67.00316846,4.738371951,18.72097432,39.74883156455,22333.644005920618
481,73.76,9.3727786,31.7,49.51063893,22383.15464485062
482,60.512,8.2319392,16.79,36.036996959999996,22419.19164181062
483,65.084,4.0936002,8.8,33.89248001,22453.08412182062
484,53.744,2.8409138,33.72,41.18684569,22494.27096751062
485,69.512,1.9237684,52.4,57.57658842,22551.84755593062
486,73.904,3.1988242,11.49,39.161741209999995,22591.00929714062
487,47.804,2.2816788,79.3,61.27588394,22652.28518108062
488,59.93227386,2.167788868,12.01768407,33.0867547154,22685.37193579602
489,63.374,3.6462122,15.84,36.62061061,22721.99254640602
490,77.234,1.8566602,14.31,42.00313301,22763.99567941602
491,61.71375643,4.025592225,23.58245375,39.76369687975,22803.75937629577
492,70.556,11.9228902,11.59,38.14134451,22841.90072080577
493,45.356,9.6412114,64.9,53.34226057000001,22895.24298137577
494,70.286,1.7671826,52.36,57.89705913,22953.14004050577
495,65.822,7.3371632,40.51,50.24175816,23003.381798665767
496,64.09209944,22.09173287,12.64710564,36.2695842115,23039.651382877266
497,47.048,11.9452596,22.52,33.02886298,23072.680245857267
498,68.27,1.677705,53.18,57.395385250000004,23130.07563110727
499,79.862,1.4763804,8.48,40.25171902,23170.32735012727
500,58.208,4.8317904,20.94,36.90518952,23207.23253964727
501,58.73324309,18.40590898,10.75368011,32.727094894500006,23239.95963454177
502,39.524,2.1698318,91.23,63.509291590000004,23303.46892613177
503,67.4327443,1.157775334,15.44118585,38.1232166267,23341.59214275847
504,81.644,1.901399,29.46,51.56486995,23393.15701270847
505,72.48003163,5.106287101,10.81813497,38.28039607355,23431.43740878202
506,78.206,7.1805774,21.87,46.48672887000001,23477.924137652022
507,66.128,7.6503348,46.7,53.490116740000005,23531.41425439202
508,60.512,3.6462122,74.44,64.63271061,23596.04696500202
509,53.63588118,7.650124863,23.89933272,36.46831913415,23632.51528413617
510,68.864,16.5086172,16.43,40.02923086,23672.54451499617
511,64.58,7.0239916,44.78,51.80219958,23724.34671457617
512,62.24,2.0803542,39.3,47.76201771,23772.10873228617
513,75.614,1.9461378,62.54,65.39360689,23837.50233917617
514,63.554,10.5583568,18.67,38.46221784000001,23875.96455701617
515,51.98,2.9527608,26.22,36.648638039999994,23912.61319505617
516,45.122,8.1872004,91.48,66.45426002,23979.06745507617
517,53.6,4.697574,79.88,64.2948787,24043.362333776167
518,50.36,7.3371632,82.83,64.44385815999999,24107.806191936168
519,55.67,6.6660812,72.55,61.65980406,24169.46599599617
520,79.808,1.9908766,28.4,50.21314383000001,24219.679139826167
521,57.776,2.1027236,23.93,38.06933618,24257.748476006167
522,66.77042766,3.602571205,11.48071642,35.96717921725,24293.715655223416
523,75.88228356,2.987343292,13.93021141,41.2615004716,24334.977155695015
524,69.926,4.4515106,70.84,67.10927553,24402.086431225016
525,61.916,1.7671826,20.56,38.230559129999996,24440.316990355015
526,66.938,2.684328,17.45,38.981316400000004,24479.298306755016
527,57.398,1.4987498,51.03,51.41903749,24530.717344245015
528,66.056,1.8342908,12.57,36.10191454,24566.819258785014
529,57.632,2.4158952,61.65,56.880194759999995,24623.699453545014
530,78.872,1.6553356,26.95,49.050166780000005,24672.749620325016
531,49.712,3.3777794,90.11,67.59428897000001,24740.343909295018
532,40.1,12.9295132,81.45,59.41647566,24799.760384955018
533,76.55,2.1698318,38.72,53.91599159,24853.67637654502
534,53.114,5.8831522,67.91,58.15045761,24911.82683415502
535,44.33,1.7448132,73.7,56.885740659999996,24968.71257481502
536,59.72,12.079476,17.82,36.3879738,25005.10054861502
537,76.02907552,1.367872031,14.78937917,41.67616717055,25046.77671578557
538,59.342,6.822667,31.23,42.66003335,25089.43674913557
539,59.60851581,18.74295527,12.29807758,33.910018668,25123.34676780357
540,60.84921067,21.3141794,11.83467852,34.3651930315,25157.71196083507
541,59.68368863,16.57727206,17.09469792,36.2338724465,25193.94583328157
542,68.74555103,4.191824642,11.97821747,37.1341979306,25231.080031212172
543,62.87,10.7149426,21.11,39.382247129999996,25270.462278342173
544,60.4350343,17.74318973,10.43861097,33.3022304065,25303.764508748674
545,54.824,2.125093,90.67,70.11205465,25373.876563398673
546,42.746,12.9295132,87.87,63.817175660000004,25437.69373905867
547,64.18310635,10.16769248,14.35572063,36.5686427965,25474.262381855173
548,79.916,3.9370144,25.39,48.854050720000004,25523.116432575174
549,69.16907875,3.808706671,14.75482484,38.69393319105,25561.810365766225
550,73.21752188,2.179238163,28.50887012,47.31128181415,25609.121647580374
551,42.692,5.3239172,92.1,65.52759585999999,25674.649243440374
552,75.76523686,1.271150431,13.22288158,40.769354898550006,25715.418598338925
553,62.13138749,4.370476525,17.92168895,37.13849267175,25752.557091010676
554,73.706,4.1159696,9.35,38.04849848,25790.605589490675
555,57.524,17.9402588,8.62,31.092812939999998,25821.698402430677
556,61.214,5.5028724,13.32,34.48144362,25856.179846050676
557,73.022,4.3396636,6.09,36.121883180000005,25892.301729230676
558,69.53,1.2974252,23.64,43.17337126,25935.475100490676
559,66.74,1.901399,12.71,36.48306995,25971.958170440677
560,62.26758356,16.55276044,15.09448694,36.395294094,26008.353464534677
561,80.798,1.9461378,44.38,58.64640689000001,26066.999871424676
562,72.55406499,12.34832177,15.43108526,40.982287964,26107.982159388677
563,57.398,2.6619586,67.2,59.56219793,26167.54435731868
564,55.51162424,7.933056319,20.61421094,35.68398919395,26203.228346512627
565,54.14,18.7231878,90.0,70.29915939,26273.527505902628
566,64.17368536,14.55859776,19.50949951,39.360838054999995,26312.888343957628
567,48.038,5.0554844,78.99,61.36487422,26374.253218177626
568,69.818,1.677705,69.99,66.49698525,26440.750203427626
569,64.868,11.7663044,13.22,36.38891522,26477.139118647625
570,50.72,10.7820508,87.7,67.21310254,26544.352221187626
571,83.00420473,13.70887679,25.64781918,50.861245558,26595.213466745627
572,69.854,1.006623,26.49,44.72963115,26639.943097895626
573,56.99410834,6.004598502,14.41260501,33.1538811831,26673.096979078728
574,64.472,9.4846256,12.0,35.48663128,26708.583610358728
575,68.9,2.9527608,26.01,44.15763804,26752.74124839873
576,66.63978421,1.991812146,12.68992472,36.43245586180001,26789.173704260527
577,69.34875007,21.1083898,15.27325813,39.8989860865,26829.072690347028
578,69.476,2.1027236,19.36,41.04933618,26870.122026527028
579,70.61219232,2.003131628,25.16638737,44.4588368104,26914.58086333743
580,62.56051173,13.15324274,16.48667949,37.0532321605,26951.634095497928
581,67.604,4.4067718,18.75,40.01713859,26991.651234087927
582,72.35953393,2.916904476,13.03427371,39.224772347300004,27030.87600643523
583,41.486,8.612219,91.28,64.73931095,27095.61531738523
584,68.21650832,9.838116036,8.630765356,35.50471722380001,27131.12003460903
585,79.754,1.0737312,41.99,56.93798656000001,27188.05802116903
586,62.96,1.789552,11.71,34.2764776,27222.33449876903
587,67.532,1.0961006,16.76,38.82420503,27261.15870379903
588,64.166,5.0107456,16.3,37.27523728,27298.433941079027
589,76.96897212,4.788759632,19.47201277,44.611481820600005,27343.045422899628
590,60.314,4.2725554,35.83,45.269927769999995,27388.31535066963
591,59.072,9.0148682,20.05,37.05814341000001,27425.373494079628
592,79.76906271,2.358614612,26.11100432,49.069511110099995,27474.44300518973
593,72.77,2.6619586,15.79,40.77459793,27515.21760311973
594,77.504,2.1474624,35.49,52.72917312,27567.94677623973
595,59.27547873,5.782927755,13.71033915,33.818281391250004,27601.76505763098
596,44.708,9.5293644,92.19,66.69006822,27668.45512585098
597,75.56837539,3.168316887,12.7482237,40.53829661985,27708.993422470827
598,57.2,3.0869772,28.43,40.10934886,27749.10277133083
599,72.392,2.2593094,23.03,44.20436547,27793.307136800828
600,86.936,2.1922012,29.05,53.75581006,27847.062946860828
601,83.138,14.1598302,26.39,51.31509151,27898.37803837083
602,69.77771706,3.285986898,19.2816672,41.2051056219,27939.583143992728
603,57.542,7.0910998,73.17,62.83345499000001,28002.416598982727
604,47.048,3.7356898,92.14,67.42838449,28069.844983472725
606,53.078,1.3869028,81.4,64.65444514,28134.499428612726
607,76.28,1.8566602,21.61,45.22383301,28179.723261622727
608,69.656,1.5211192,13.38,38.11125596,28217.834517582727
609,71.87335584,5.925072383,15.26333978,40.27093363715,28258.10545121988
610,47.94241404,12.9398806,32.68783799,38.564999343,28296.67045056288
611,48.362,6.1739544,42.84,43.49159772,28340.16204828288
612,63.98410533,4.718126612,10.46459156,34.2610495091,28374.42309779198
613,39.956,1.4092722,83.81,59.95566361,28434.37876140198
614,72.41,1.2750558,17.3,41.29825279,28475.677014191977
615,53.55901829,5.085931369,18.65590535,33.68380747395,28509.360821665927
616,75.506,7.4042714,14.35,41.52291356999999,28550.883735235926
617,74.408,6.487126,27.88,47.7479563,28598.631691535928
618,59.342,5.144962,60.74,57.33114810000001,28655.962839635926
619,74.30292525,6.654340972,13.59463032,40.56634857110001,28696.529188207027
620,56.786,9.5517338,59.79,55.92628669,28752.455474897026
621,74.81870794,2.361333411,16.12995176,41.851461123549996,28794.306936020577
622,47.57,13.2203154,31.99,38.06251577,28832.36945179058
623,58.874,8.1200922,33.05,43.42430461,28875.793756400577
624,56.57,7.717443,70.8,61.24237215,28937.03612855058
626,64.118,3.452344067,47.22666667,52.63905053835,28989.67517908893
627,64.63477581,5.024051647,9.220569973,33.947136683349996,29023.622315772278
628,62.99067247,3.853190247,20.8758446,38.97638442385001,29062.59870019613
629,55.09340486,4.118457284,18.0051154,34.000512751200006,29096.59921294733
630,66.02246657,2.851264734,11.01582384,35.3605851132,29131.959798060532
631,75.92,1.6105968,16.22,42.35452984,29174.31432790053
632,75.218,0.9618842,14.65,41.22119421000001,29215.53552211053
633,53.96,5.59235,33.7,41.411617500000006,29256.947139610533
634,64.49647735,8.381485861,16.71937892,37.802178560550004,29294.74931817108
635,61.8557198,6.971292337,17.41660863,36.89194284185,29331.64126101293
636,36.752,3.5119958,41.76,37.59399979,29369.23526080293
637,49.802,6.4423872,80.15,62.80801936,29432.04328016293
638,69.73657834,16.90820368,9.870100982,37.161920927999994,29469.20520109093
639,69.17,9.6412114,7.49,35.35356057,29504.55876166093
640,55.76,9.283301,16.82,33.96616505,29538.52492671093
641,56.48,1.8790296,65.54,58.27995148000001,29596.804878190927
642,49.1,7.8740288,91.7,68.33870144000001,29665.143579630927
643,76.748,4.0488614,18.53,44.00404307,29709.147622700926
644,53.312,1.7000744,38.36,43.255403720000004,29752.403026420925
645,52.556,7.9635064,49.79,48.94337532,29801.346401740924
646,59.88705019,17.64193067,10.24746225,32.955000244,29834.301401984925
647,74.9380125,3.063335637,8.691746315,38.221145564349996,29872.522547549273
648,65.95033957,2.946745948,10.84552398,35.2477520939,29907.770299643173
649,77.67214353,5.33070988,19.80702189,45.1225110275,29952.892810670673
650,73.292,1.5211192,35.33,50.72245596,30003.615266630673
651,74.36171745,4.599091431,10.93387416,39.159664504050006,30042.774931134725
652,64.94,1.2974252,50.28,54.42787126,30097.202802394724
653,74.84,21.3404076,9.19,39.340020380000006,30136.542822774725
654,66.974,7.8069206,17.63,39.34364603,30175.886468804725
655,82.22,2.2145706,26.74,50.47972853,30226.366197334726
656,66.344,15.4572554,23.77,42.51266277,30268.878860104727
657,69.836,3.8699062,10.79,37.01469531,30305.89355541473
658,63.33495992,4.419148423,16.25865948,36.85101912515,30342.74457453988
659,60.10924157,18.82721552,12.90833003,34.4446844975,30377.18925903738
660,42.134,12.415017,83.25,61.20605085,30438.39530988738
661,75.74,4.9436374,28.38,48.520181869999995,30486.91549175738
662,90.266,2.8185444,20.71,51.11562722000001,30538.03111897738
663,47.48,8.6345884,73.83,58.71272942,30596.74384839738
664,74.246,4.2054472,19.45,43.34597236,30640.089820757377
665,49.802,8.4780026,92.12,68.89480013000001,30708.98462088738
666,60.30090707,18.1894777,11.45538189,33.7725730115,30742.75719389888
667,58.01,1.2079476,73.28,62.80489738,30805.56209127888
668,74.552,4.6528352,10.73,39.14604176,30844.70813303888
669,74.06660772,2.643176606,12.95510614,39.9396853743,30884.647818413177
671,60.98,21.5417322,11.98,34.50808661,30919.155905023177
672,72.86377341,3.682369652,16.75367005,41.3496515421,30960.505556565276
673,48.182,2.4830034,90.97,67.29105017,31027.796606735275
674,77.05329522,5.990086111,12.93258877,41.43978153955,31069.236388274825
675,53.15492763,5.349240348,19.31840056,33.8463797309,31103.082768005726
676,81.51024959,2.651553969,20.23164433,46.92801217895,31150.010780184675
677,74.35871192,4.179192563,12.49026787,39.91551392715,31189.926294111825
678,70.088,2.6395892,36.38,49.86157946,31239.787873571826
679,48.272,5.6147194,90.89,67.44813597,31307.236009541826
680,68.81,3.35541,25.98,44.1222705,31351.358280041826
681,68.234,3.1093466,50.48,56.10076733,31407.459047371827
682,41.234,17.7613036,89.84,64.36336518,31471.822412551828
683,42.692,2.572481,72.57,55.62502404999999,31527.44743660183
684,60.674,4.0936002,23.77,39.39298001,31566.84041661183
685,74.21,8.4556332,15.74,41.68728166,31608.52769827183
686,46.922,8.3661556,70.61,56.83820778,31665.365906051833
687,41.522,3.8475368,86.74,62.24727684,31727.613182891833
688,62.35351331,3.512705065,23.29704941,39.88324094775,31767.496423839584
689,71.69,4.026492,43.06,53.9918246,31821.488248439586
690,80.204,2.3040482,28.26,50.337002410000004,31871.825250849586
691,70.016,2.23694,6.29,34.764047000000005,31906.589297849587
692,68.738,4.138339,15.03,38.65401695,31945.243314799587
693,76.802,2.5501116,30.31,49.84340558,31995.086720379586
694,70.466,6.7331894,13.23,38.66135947,32033.748079849585
695,63.734,2.3935258,87.25,72.42497629,32106.173056139585
696,78.422,1.7671826,28.73,49.743259130000006,32155.916315269584
697,45.68,2.2816788,20.11,30.72508394,32186.641399209584
698,65.498,2.3040482,36.24,47.70930241000001,32234.350701619584
699,68.6878221,3.96085768,14.49283919,38.353982424,32272.704684043583
700,62.132,3.7580592,26.11,41.20230296,32313.906987003582
701,50.45,9.0148682,80.6,63.45324341,32377.360230413582
702,53.942,4.0041226,75.77,62.35910613,32439.71933654358
703,64.01853693,3.250916119,15.98261038,36.96219261445,32476.68152915803
704,62.51,6.2186932,31.85,44.365434660000005,32521.046963818033
705,59.072,1.2750558,77.63,65.46115279,32586.508116608034
706,64.778,19.1705758,13.31,36.76362879,32623.271745398033
707,74.36302054,3.751717266,10.44641484,38.8741525263,32662.145897924333
708,46.49,2.7738056,48.85,45.48419028,32707.630088204332
709,58.08519069,4.203757727,21.93489479,37.31597109185,32744.946059296184
710,58.136,11.4531328,36.26,44.86385664,32789.80991593618
711,76.208,1.0737312,15.24,41.96728656,32831.77720249618
712,82.4,0.9171454,22.98,48.61585727000001,32880.39305976618
713,75.18941772,2.17327441,43.57119848,55.729500934499995,32936.122560700685
714,61.808,7.605596,18.47,37.428879800000004,32973.55144050068
715,65.03,7.0910998,20.86,40.04805499,33013.599495490686
716,73.85313148,8.236906106,15.90260585,41.5970573963,33055.196552886984
717,73.922,1.5882274,13.67,40.17931137,33095.37586425698
718,63.608,4.1830778,18.53,38.09775389,33133.47361814698
719,62.69,2.9527608,30.84,43.77813804,33177.251756186975
720,98.906,2.125093,11.49,50.35895465,33227.610710836976
721,70.322,17.6941954,9.42,37.23960977,33264.85032060697
722,48.61116093,14.14179401,17.20328308,31.183753658999997,33296.034074265976
723,51.836,1.6105968,70.01,58.41172984000001,33354.44580410598
724,70.92035517,5.544515244,10.10008289,37.24142703369999,33391.68723113968
725,70.736,1.1855782,39.45,51.61547891000001,33443.30271004968
726,42.134,8.3214168,92.31,65.53137084,33508.834080889676
727,64.8842063,15.0116453,9.895457057,34.8962036285,33543.73028451818
728,80.83583716,2.774862772,20.13330499,46.5815223556,33590.311806873775
729,81.518,1.7000744,21.36,47.448103720000006,33637.75991059378
730,56.98687988,13.33987076,17.60882962,35.115504294000004,33672.87541488778
732,56.336,2.2145706,74.33,62.62692853,33735.50234341778
733,49.568,7.2476856,83.62,64.47798428,33799.98032769778
734,55.58358679,6.503472883,24.38384619,37.52971079465,33837.51003849243
735,65.39,2.6395892,51.06,55.08747946,33892.59751795243
736,46.562,15.65858,89.88,66.675829,33959.27334695243
737,76.80469009,1.632704934,13.77131052,41.529401047200004,34000.80274799963
738,69.39881071,6.147785059,12.7296686,37.90168837245,34038.70443637208
739,87.602,2.1027236,14.57,46.81103618,34085.51547255208
740,82.742,2.7738056,24.62,49.68259028000001,34135.198062832074
741,86.67660439,2.359806477,18.15816846,48.20154652935,34183.399609361426
742,61.502,3.7356898,32.68,44.20268449,34227.60229385143
743,47.102,4.5409882,69.87,56.35794941,34283.96024326143
744,58.82,1.7224438,54.67,53.89012219,34337.85036545143
745,72.122,4.697574,36.26,50.8197787,34388.67014415143
746,71.906,6.6437118,15.81,40.594885590000004,34429.26502974143
747,45.86,1.5211192,72.66,57.043055960000004,34486.30808570143
748,50.054,5.5028724,58.79,52.19444362,34538.50252932143
749,79.988,5.0778538,22.24,47.36849269,34585.87102201143
750,66.43582854,2.868671135,44.42683702,52.25297490975,34638.12399692118
751,53.456,3.8922756,25.21,36.85481378,34674.978810701185
752,66.68754823,4.171357793,13.59904279,37.01748598815,34711.996296689336
753,49.856,5.5476112,18.09,31.75758056,34743.753877249335
754,73.21899786,1.500595219,25.56141102,45.80428430795,34789.55816155729
755,76.37283607,1.909191129,47.02509101,57.97578129295,34847.53394285024
756,61.34,7.7845512,35.42,45.70222756,34893.236170410244
757,75.02,4.1830778,38.72,53.32815389,34946.56432430024
758,65.138,8.724066,16.55,38.0233033,34984.58762760024
759,76.874,1.2974252,56.39,62.853171259999996,35047.44079886024
760,72.98237106,6.80400791,12.52558362,39.4450591825,35086.88585804274
761,60.42124026,1.995469162,10.01870967,32.298686410100004,35119.18454445284
762,83.6369742,1.670929847,18.99148033,47.215925047350005,35166.400469500186
763,60.584,2.1474624,21.42,38.08017312,35204.48064262018
764,64.472,11.967629,44.44,51.83078145,35256.31142407018
765,55.13,3.019869,69.07,59.49449345,35315.805917520185
766,51.386,5.5699806,69.06,57.93219903000001,35373.73811655019
767,73.292,1.789552,41.4,53.770877600000006,35427.50899415019
768,53.06,4.4291412,31.8,39.99845706,35467.507451210186
769,74.4839732,4.456796087,21.98094551,44.73110049935,35512.23855170954
770,61.448,8.7911742,27.63,41.90615871,35554.14471041954
771,62.18403182,7.437057441,16.80217215,36.75575326605,35590.90046368559
772,73.75343537,9.333401902,31.6299773,49.47070466160001,35640.37116834719
773,72.59,3.4001488,32.72,49.19550744,35689.566675787195
774,72.23,6.5318648,13.07,39.36509324000001,35728.93176902719
775,55.166,3.802798,25.98,38.0048399,35766.93660892719
776,66.52878596,4.079293338,13.38270966,36.833273178899994,35803.76988210609
777,85.586,1.2974252,15.92,46.53857126,35850.30845336609
778,68.774,4.1159696,42.5,52.40409848,35902.71255184609
779,45.338,7.0239916,91.1,66.30329958,35969.01585142609
780,84.488,4.5633576,19.4,47.94776788,36016.963619306094
781,57.56,3.1540854,27.19,39.65470427,36056.61832357609
782,72.20937256,2.716911681,12.34120722,38.80066684605001,36095.41899042214
783,82.814,6.9568834,48.92,62.074144170000004,36157.49313459214
784,72.014,5.3015478,36.73,51.03637739,36208.529511982146
785,57.038,4.1159696,90.93,71.33789848,36279.867410462146
786,47.984,2.013246,90.39,66.8884623,36346.75587276214
787,65.66748194,3.842941803,13.53828952,36.511658723150006,36383.2675314853
788,73.24971734,4.132697506,6.939691553,36.6388534548,36419.9063849401
789,67.90605742,4.28088479,11.50187879,36.5227094735,36456.4290944136
790,58.946,3.5343652,47.96,50.682418260000006,36507.111512673604
791,64.25058522,10.9268002,14.27929006,36.598748389,36543.7102610626
792,82.886,3.8922756,41.67,58.328313779999995,36602.038574842605
793,59.81,19.5061168,10.68,33.22980584,36635.2683806826
794,63.85844458,7.894795237,11.94515746,35.10361855285,36670.37199923545
795,71.78,1.6105968,16.83,40.79652984,36711.168529075454
796,51.602,2.572481,87.99,67.34452404999999,36778.513053125454
797,42.70311605,8.07323772,34.11027705,36.6752026335,36815.188255758956
798,49.316,10.2004464,88.48,66.94222232000001,36882.13047807896
799,82.436,2.2145706,7.13,40.771928530000004,36922.902406608955
800,61.502,10.9162672,20.22,38.33171336,36961.234119968954
801,87.008,2.3711564,19.02,48.782157819999995,37010.016277788956
802,47.786,2.3264176,91.71,67.47502088,37077.49129866896
803,57.09312964,15.40276692,17.85122729,35.387660329,37112.87895899796
804,64.058,4.2054472,23.78,40.92637236,37153.80533135796
805,66.758,5.704197,54.21,57.431309850000005,37211.23664120796
806,46.868,7.4266408,91.24,67.08193204,37278.318573247954
807,83.012,4.362033,35.42,55.283501650000005,37333.60207489796
808,75.47,1.0513618,26.94,47.48406809,37381.08614298796
809,69.278,1.5882274,22.24,42.37451137,37423.46065435796
810,75.24016923,3.016165034,23.27741773,45.6475932702,37469.10824762816
811,58.75454853,2.774969759,23.87597386,38.51628225645,37507.62452988461
812,79.538,2.9974996,44.79,58.336974979999994,37565.96150486461
813,41.0,3.914645,65.34,51.315732249999996,37617.277237114606
814,52.034,2.348787,88.01,67.53773935000001,37684.81497646461
815,71.294,2.0803542,24.38,44.376317709999995,37729.191294174605
816,54.15816918,4.925063874,19.66515337,34.450006009700004,37763.6413001843
817,67.32501281,1.224716693,14.00975348,37.36236833915,37801.00366852345
818,63.05,1.3197946,40.7,48.788489729999995,37849.792158253455
819,59.216,14.7861734,18.94,36.856508670000004,37886.64866692345
820,67.32097329,16.96224014,15.99216387,39.138631922500004,37925.78729884595
821,69.134,1.9908766,71.73,67.07484383,37992.86214267595
822,62.72080284,9.514091966,28.27236211,42.836246931299996,38035.69838960725
823,69.512,7.4713796,30.25,46.77896898,38082.477358587246
824,59.432,1.6553356,23.57,38.61216678,38121.08952536725
825,70.94586688,3.975136621,15.45263103,39.850712442049996,38160.9402378093
826,77.36,1.8790296,43.76,56.785951479999994,38217.7261892893
827,69.53207696,4.019666294,14.59236486,38.7866003767,38256.512789666
828,59.81,6.4423872,41.07,47.77161936,38304.284409026
829,49.892,4.4291412,35.18,40.26285706,38344.547266085996
830,62.56449595,8.634210067,17.17209029,37.17177882585,38381.71904491184
831,81.266,1.006623,23.33,48.28503115,38430.00407606184
832,60.476,9.5964726,89.9,72.64402363,38502.64809969184
833,77.30113675,1.760152838,20.40600856,45.0765234594,38547.72462315124
834,59.42855507,16.47514291,15.98426791,35.558740882,38583.28336403324
835,79.34,1.4987498,35.09,53.32293749000001,38636.606301523236
836,55.184,3.6685816,48.68,49.35622908,38685.96253060323
837,46.616,4.6752046,85.75,64.08596023,38750.04849083323
838,76.046,3.131716,25.72,47.2372858,38797.28577663323
839,79.988,4.8765292,26.1,49.28842646,38846.57420309323
841,72.932,2.013246,8.81,37.325062300000006,38883.89926539323
842,56.64583782,3.992825728,22.91472429,37.147630450399994,38921.04689584363
843,77.34951429,1.420641655,19.44743016,44.602028593250004,38965.648924436886
844,75.236,4.026492,15.06,41.5875246,39007.236449036885
845,68.65897257,2.248931575,12.38320679,37.20058763025,39044.437036667136
846,46.022,5.144962,78.01,59.972148100000005,39104.40918476714
847,61.016,5.9055216,50.77,53.13747608,39157.54666084714
848,37.562,11.5873492,91.0,62.98226746,39220.52892830714
849,71.47359193,2.727453902,20.82159782,42.7102879736,39263.23921628074
850,57.07364499,2.821004591,21.90585188,36.77711641505,39300.016332695785
851,75.36562384,1.886436685,13.17181298,40.594759052250005,39340.61109174803
852,73.4,1.8566602,56.8,61.52283301,39402.13392475803
853,73.184,4.6752046,36.57,51.45156023,39453.585484988034
854,52.97,5.3910254,19.06,33.63605127,39487.22153625803
856,39.524,12.3926476,91.7,64.25543238,39551.47696863803
857,74.59301339,8.768240115,29.66692448,48.83873027125,39600.31569890928
858,53.942,1.6105968,72.67,60.68942984,39661.00512874928
859,68.39534226,4.146405853,15.91576507,38.94310684465,39699.94823559393
860,74.83131615,1.937641569,17.07665439,42.30930154095,39742.25753713488
862,73.22148689,1.645833346,9.723628837,37.89377518629999,39780.15131232118
863,75.70030204,2.64351687,25.78832296,47.091473241500005,39827.242785562674
864,55.094,2.7514362,35.21,42.53487181,39869.77765737267
866,72.08517344,2.620778064,15.34482926,40.2417815812,39910.019438953874
867,77.738,9.506995,23.11,47.01244975,39957.031888703874
868,71.78,3.8699062,13.7,39.344495310000006,39996.37638401387
869,45.104,3.2659324,85.27,63.09509662,40059.471480633874
870,46.562,7.0239916,85.63,64.11909958,40123.59058021387
871,69.296,2.0356154,66.77,64.66998077,40188.26056098387
872,89.204,1.1855782,26.57,53.48607891,40241.74663989387
873,79.214,1.6553356,21.47,46.46406678,40288.21070667387
874,59.828,2.2593094,86.73,70.40056547,40358.61127214387
875,68.24414977,16.25091168,16.83697237,39.94089916550001,40398.55217130937
876,79.448,2.9303914,29.46,50.628119569999996,40449.18029087937
877,87.13618305,1.57681889,12.62275271,45.601499672,40494.781790551366
878,66.46657459,11.22885388,13.93273829,37.4377704045,40532.21956095586
879,48.038,4.026492,44.62,44.1284246,40576.34798555586
880,42.638,1.9685072,90.23,64.40052536,40640.74851091586
881,50.612,4.4515106,62.46,54.22797553,40694.976486445856
882,58.27301474,14.09544371,19.31229133,36.5837744835,40731.56026092936
883,64.382,2.460634,34.98,46.5849317,40778.14519262936
884,68.954,3.8922756,14.74,38.59391378,40816.73910640936
885,67.064,5.4581336,20.18,40.54170668,40857.28081308936
886,69.422,0.782929,18.18,40.36904645,40897.649859539364
887,52.322,5.9502604,79.91,63.79741302,40961.447272559366
888,62.492,8.5674802,29.92,43.50977401,41004.95704656937
889,59.07781766,17.7440939,9.690133679,32.317289481500005,41037.27433605087
890,81.752,2.908022,20.42,47.1438011,41084.41813715087
891,74.03,2.23694,13.48,40.165347000000004,41124.58348415087
892,69.008,2.7066974,42.79,52.58393487,41177.16741902087
893,74.01465699,1.573645191,12.01012198,39.39033889505,41216.55775791592
894,80.66103183,1.53536419,18.80534566,45.776905363000004,41262.334663278925
895,65.95111244,2.942018686,14.07350355,36.8618533073,41299.19651658623
896,66.776,4.9883762,27.4,43.998618809999996,41343.19513539623
897,64.994,9.0819764,24.86,42.13139882,41385.32653421623
898,59.81180172,4.466058582,21.48645133,37.8818393681,41423.208373584326
899,61.286,1.9685072,62.12,58.73712536,41481.945498944326
900,61.24961743,10.2417653,17.91855208,37.0336921485,41518.979191092825
901,74.40354197,4.27043096,19.47756053,43.433895699500006,41562.41308679232
902,67.28122262,4.639243804,15.25367544,38.135350089199996,41600.54843688152
903,62.23103922,15.00517547,10.9409164,34.2246846225,41634.773121504026
904,50.96480352,16.04374939,12.64766581,30.0601819585,41664.833303462525
905,43.592,8.276678,92.34,66.2002339,41731.03353736253
906,58.09476625,18.25424942,14.55166707,34.3311908185,41765.364728181026
907,87.44,3.4001488,12.11,45.57300744,41810.937735621024
908,40.28,3.1540854,39.77,38.168704270000006,41849.106439891024
909,71.83114162,2.648180251,23.1792593,44.04605239155,41893.15249228258
910,73.202,1.3869028,36.7,51.36024514,41944.51273742258
911,49.19,1.565858,91.11,67.7687929,42012.28153032258
912,70.484,21.0496054,15.72,40.63028026999999,42052.91181059258
913,69.548,2.348787,18.97,40.89903935,42093.81084994258
914,46.238,3.3330406,73.93,57.93875203,42151.74960197258
915,68.36,14.0703526,13.99,38.46051763,42190.21011960258
916,80.22937326,1.915898906,24.9724584,48.6852421123,42238.89536171488
917,51.41195136,10.32725349,39.18913674,43.246309156500004,42282.14167087138
918,58.046,7.6950736,55.2,54.10545368,42336.24712455138
919,71.996,2.7290668,32.59,48.82965334,42385.07677789138
920,70.86005799,4.388915618,11.95066421,38.0818039814,42423.158581872776
921,69.81576332,12.81653165,13.93604113,39.0259406415,42462.184522514275
922,49.424,12.5716028,83.06,64.39938014,42526.583902654274
923,64.868,1.2750558,90.67,74.58935278999999,42601.17325544427
924,64.112,6.1068462,9.71,34.01074231,42635.18399775427
925,77.666,2.3264176,28.45,49.291020880000005,42684.47501863427
926,66.95311021,21.41819687,13.02867733,37.714148103,42722.18916673727
927,67.118,2.5053728,64.08,62.36836864,42784.55753537727
928,70.088,5.9502604,35.59,49.63211302,42834.189648397274
929,51.818,10.0214912,39.95,43.79417456,42877.98382295727
930,85.46,1.4316416,18.15,47.603582079999995,42925.58740503727
931,73.76,1.6105968,30.67,48.60752984,42974.194934877276
932,37.04,4.2725554,92.62,63.19162777,43037.386562647276
933,77.738,0.9842536,13.3,41.68131268,43079.06787532727
934,60.602,6.3529096,51.96,53.56854548,43132.63642080727
935,71.078,3.1540854,23.79,44.03780427000001,43176.67422507727
936,62.15,3.7356898,73.0,64.65428449000001,43241.328509567276
937,78.02312026,11.41455531,8.471749806,39.91700678550001,43281.24551635278
938,68.80559524,4.126234313,15.06324997,38.70045455865,43319.94597091143
939,77.864,1.1632088,30.82,50.50696044,43370.45293135143
940,61.808,3.2211936,25.37,40.659659680000004,43411.11259103143
941,65.984,21.5193628,12.29,36.91376814,43448.02635917143
942,63.48552228,1.401010393,13.92370185,35.60038647065,43483.62674564208
943,62.87,11.0057448,26.26,41.97178724,43525.59853288208
944,53.294,5.2344396,80.15,64.31902198,43589.917554862084
945,72.428,1.342164,48.59,56.9547082,43646.87226306208
946,68.19432232,2.474477801,10.14553395,35.88393590905,43682.75619897113
947,47.696,2.5277422,88.26,65.71958711,43748.47578608113
948,71.42,2.1698318,40.34,52.417491590000004,43800.89327767113
949,67.658,1.6105968,30.27,45.66162984,43846.55490751113
950,68.25382288,2.248278623,18.64205295,40.147660702150006,43886.70256821327
951,69.74583004,12.90095773,14.15768153,39.10951216950001,43925.81208038278
952,70.106,3.6238428,16.12,39.78889214,43965.60097252278
953,73.454,4.5409882,33.74,50.151349409999995,44015.75232193278
954,62.33,2.3040482,35.77,46.048702410000004,44061.80102434278
955,64.7344245,2.882002313,10.86279645,34.705989365650005,44096.507013708426
956,82.364,1.8119214,26.92,50.61439607,44147.121409778425
957,68.27,2.4830034,10.02,35.85565017,44182.977059948425
958,62.77940833,14.98319216,10.44856349,34.2241751015,44217.20123504993
959,84.02,2.5053728,13.74,44.80426864,44262.00550368993
960,62.58302534,3.635351726,22.42490372,39.5565808493,44301.562084539226
961,53.80033018,4.366221857,19.8175519,34.337235623850006,44335.89932016307
962,74.90201928,2.015850863,39.68863741,53.65101992415,44389.550340087226
963,59.918,1.7448132,9.9,32.00034066,44421.55068074723
964,67.046,3.2883018,26.47,43.57011509,44465.120795837225
965,81.78333547,2.237281703,17.41160528,45.62016768665001,44510.74096352387
966,59.324,1.8342908,10.94,32.25751454,44542.99847806387
967,66.61972521,2.913576002,23.80606401,42.0275871496,44585.02606521347
968,70.016,3.6238428,66.79,65.08339214,44650.109457353465
969,66.57096157,4.128369218,13.52217246,36.9244373974,44687.033894750864
970,75.074,4.6080964,8.83,38.42870481999999,44725.46259957086
971,73.814,1.4092722,33.59,50.081763609999996,44775.54436318086
972,60.67166385,3.052598233,18.93901661,36.92438694915,44812.46875013001
973,55.58,14.2940466,19.19,35.32070233,44847.789452460005
974,65.03,2.5501116,20.03,39.40600558,44887.195458040005
975,69.206,2.572481,38.57,50.55632405,44937.75178209
976,44.636,10.0885994,91.8,66.49062997,45004.242412060004
977,76.70823367,1.302947414,19.35192879,44.2598169172,45048.5022289772
978,77.846,3.6238428,30.76,50.591892140000006,45099.0941211172
979,62.81579151,3.872760504,24.05231604,40.4869022247,45139.5810233419
980,75.66404848,1.154953712,13.83389187,41.0235154366,45180.604538778505
981,63.464,0.782929,28.43,42.81294645,45223.41748522851
982,69.02818204,3.973188946,13.55635551,38.0395191203,45261.457004348806
983,62.996,5.2791784,11.96,34.59215892,45296.049163268806
984,38.588,3.579104,81.82,58.4535552,45354.50271846881
985,78.53,4.9436374,8.48,39.825681870000004,45394.32840033881
986,51.818,4.0936002,77.49,62.267780009999996,45456.59618034881
987,65.516,17.4928708,15.48,38.09684354,45494.69302388881
988,82.454,3.5567346,19.34,46.95213673,45541.645160618806
989,55.42180155,4.853685835,18.94058096,34.65278546925,45576.29794608805
990,72.8910007,2.014859014,6.929473039,36.366429785200005,45612.66437587325
991,70.23498504,3.325509791,18.78337755,41.16370753255,45653.8280834058
992,74.516,1.8566602,37.53,52.39003301,45706.2181164158
993,65.7349581,2.024552486,11.27919212,35.321554829300005,45741.539671245104
994,76.136,4.2949248,38.52,53.735946240000004,45795.2756174851
995,77.756,2.0579848,26.39,48.28809924,45843.563716725104
996,71.114,3.4001488,48.22,56.28130744,45899.8450241651
997,61.40668743,2.550631821,21.63027016,38.57567601455,45938.42070017965
998,71.24,1.7224438,24.2,44.24412219,45982.664822369654
999,79.322,1.7671826,38.77,55.16825913000001,46037.83308149965
1000,76.06409876,2.081832283,20.31695475,44.491413431149994,46082.3244949308
1001,59.81945291,14.1928163,19.41309619,37.3349427195,46119.6594376503
1002,43.682,5.0107456,82.15,60.98243728,46180.6418749303
1003,57.272,3.9370144,46.56,49.249250720000006,46229.8911256503
1004,71.57442861,4.729387099,16.24878385,40.569354154450004,46270.46047980475
1005,71.816,8.8135436,10.4,37.957877180000004,46308.41835698475
1006,82.33491951,1.563611187,19.83390259,47.04584563385001,46355.464202618605
1007,72.22044333,3.077606869,30.43639756,47.87127862195,46403.33548124055
1008,56.336,3.579104,77.48,64.2701552,46467.60563644055
1009,47.822,14.428263,91.79,68.13631315,46535.74194959055
1010,60.494,1.9237684,7.81,31.223488420000002,46566.96543801055
1011,55.274,4.9436374,20.92,35.58048187,46602.54591988055
1012,60.14793282,18.69847625,12.61502537,34.3090062665,46636.85492614705
1013,65.678,8.8806518,42.44,51.21913259,46688.074058737046
1014,64.814,4.2949248,31.49,45.126046239999994,46733.20010497705
1015,79.178,2.4158952,35.4,53.45089476,46786.650999737045
1016,62.72707028,7.659790564,25.0485079,41.1344251042,46827.78542484125
1017,68.306,14.987498,10.97,36.9720749,46864.757499741245
1018,64.184,0.7381902,32.7,45.26970951,46910.027209251246
1019,68.78916785,9.583844486,7.522056578,35.1953460458,46945.22255529705
1020,74.444,0.9171454,12.72,39.90565727,46985.12821256705
1021,61.4497224,1.818527503,16.37924091,35.93292191015,47021.0611344772
1022,49.874,3.8699062,40.26,42.76679531,47063.8279297872
1023,59.972,1.9908766,35.92,45.046943830000004,47108.8748736172
1024,75.62894882,2.124286376,14.1332888,41.205885687800006,47150.080759305
1025,58.406,6.6884506,15.02,34.12712253,47184.207881835
1026,80.384,1.0961006,13.22,42.83760503,47227.045486865
1027,48.128,12.8176662,91.49,68.04348331,47295.088970175
1028,56.138,3.0869772,75.52,63.176448859999994,47358.265419035
1029,57.398,2.9751302,19.28,35.617856509999996,47393.883275545
1030,69.77352415,3.399158603,19.64885314,41.392470367650006,47435.27574591265
1032,65.678,9.4846256,18.11,39.08433128,47474.36007719265
1033,85.29200269,3.096761951,15.33848558,46.20548209805,47520.5655592907
1034,73.616,5.7936746,38.23,52.531883730000004,47573.0974430207
1035,77.576,6.5542342,56.86,63.66691171,47636.7643547307
1036,61.58215525,1.803944447,17.56666629,36.58550022985,47673.34985496055
1037,59.08935014,18.65398595,12.95577025,34.0007919855,47707.35064694605
1038,74.19603742,5.557863297,14.95654426,41.14438213385,47748.495029079895
1039,69.05672281,12.22183056,11.98446352,37.6788485525,47786.1738776324
1040,58.23451934,10.35193421,17.21616254,35.3312116835,47821.5050893159
1041,74.12,2.1474624,11.69,39.30637312,47860.8114624359
1042,63.482,4.2278166,49.2,53.37829083,47914.1897532659
1043,55.274,6.0173686,78.2,64.27416843,47978.4639216959
1044,60.60163981,17.1888352,9.175633688,32.7179965185,48011.181918214395
1045,68.198,2.0803542,48.84,55.21311771,48066.3950359244
1046,73.706,2.8856526,31.5,49.06198263,48115.4570185544
1047,51.296,3.0646078,23.29,34.881430390000006,48150.3384489444
1048,62.366,1.5882274,86.6,71.44411137,48221.7825603144
1049,71.312,2.9527608,35.17,49.82303804,48271.6055983544
1050,82.67,3.6014734,13.88,44.32157367,48315.9271720244
1051,71.63345648,3.901578573,13.73146399,39.29586633965,48355.22303836405
1052,61.79127933,8.47833606,18.23157557,37.3457802865,48392.56881865055
1053,79.51791003,2.200951781,13.37053798,42.578376092549995,48435.1471947431
1054,80.98892224,9.482313417,19.17191747,46.505089413849994,48481.652284156946
1055,60.96645401,2.751329472,20.4813089,37.8131252281,48519.46540938505
1056,72.824,6.3081708,22.5,44.33620854,48563.80161792505
1057,63.986,3.8251674,40.97,49.46995837,48613.27157629505
1058,74.84,0.8276678,30.45,48.944383390000006,48662.21595968505
1059,59.09,8.9924988,35.26,44.67012494,48706.886084625046
1060,78.332,7.82929,28.86,50.0708645,48756.956949125044
1061,64.14800226,2.635249037,16.54056386,37.26864539885,48794.225594523894
1062,76.226,6.6437118,25.84,47.55388559000001,48841.779480113895
1063,65.7900009,1.879553141,14.97266789,37.18581200705,48878.96529212094
1064,79.736,3.1093466,21.48,46.77666733,48925.74195945094
1065,69.584,4.6304658,28.97,46.02932329,48971.77128274094
1066,73.72673151,3.551777042,11.65731434,39.1832752016,49010.95455794254
1067,64.994,2.9751302,54.88,56.83605651,49067.79061445254
1068,68.864,2.0356154,52.38,57.28058077,49125.07119522254
1069,82.22,1.0961006,32.46,53.283805029999996,49178.35500025254
1070,46.346,2.3040482,90.51,66.22590241,49244.580902662536
1071,70.25,2.013246,42.06,52.7431623,49297.32406496254
1072,75.596,1.4092722,11.88,40.028663609999995,49337.352728572536
1073,84.65,4.8317904,16.22,46.44408952,49383.79681809254
1074,66.938,6.5094954,57.43,59.162574770000006,49442.95939286254
1075,64.98936079,10.26118718,14.52510864,37.020826034500004,49479.98021889704
1076,50.918,5.4133948,29.09,37.72876974,49517.708988637045
1077,73.292,4.1159696,33.52,49.94719848,49567.65618711704
1078,68.3703069,15.16279989,11.59923953,37.3243978645,49604.98058498154
1079,65.264,1.7671826,58.37,58.642159129999996,49663.62274411154
1080,79.772,3.5119958,27.68,49.91299979,49713.53574390154
1081,69.88433806,12.23866984,11.9568515,38.038311369000006,49751.57405527054
1082,50.108,2.5501116,89.8,67.57610558,49819.15016085054
1083,48.308,4.8541598,91.03,67.49630799,49886.64646884054
1084,80.24,1.6329662,28.26,50.31964831,49936.966117150536
1085,47.354,3.7133204,92.3,67.64496602,50004.61108317054
1086,52.646,2.0356154,91.11,69.34748077,50073.958563940534
1087,66.65,8.3661556,30.92,45.87080778000001,50119.82937172053
1088,71.87,1.4316416,51.84,58.333082080000004,50178.16245380053
1089,55.04,5.368656,73.55,61.8114328,50239.97388660053
1090,63.104,3.8699062,26.02,41.60029531,50281.57418191053
1091,49.568,1.8119214,90.35,67.57119607,50349.14537798053
1092,71.096,3.0646078,45.59,54.94143039,50404.08680837053
1093,58.406,3.8251674,64.84,58.89395837,50462.980766740526
1094,77.702,3.2659324,14.56,42.409196619999996,50505.389963360525
