number,avg_air_pressure,avg_air_temp,avg_wind_speed,max_wind_speed,rain_accumulation,rain_duration,relative_humidity
0,917.06,74.822,2.0803542,2.8632832,0.0,0.0,42.42
1,918.3476881,71.40384263,2.443009216,3.533323602,0.0,0.0,24.32869729
2,923.04,60.638,17.0678522,22.1009672,0.0,20.0,8.9
3,920.5027512,70.13889487,4.337363056,5.19004536,0.0,0.0,12.18910187
4,921.16,44.294,1.8566602,2.8632832,8.9,14730.0,92.41
5,915.3,78.404,9.9320136,10.9833754,0.02,170.0,35.13
6,915.5988675,70.04330432,3.745586538,4.589632429,0.0,0.0,10.65742166
7,918.07,51.71,2.5277422,3.6462122,0.0,0.0,80.47
8,920.08,80.582,4.5186188,5.8831522,0.0,0.0,29.58
9,915.01,47.498,4.9436374,6.5766036,0.0,0.0,88.6
10,919.65,77.036,3.8251674,4.7646822,0.0,0.0,22.07
11,915.64,45.716,5.8607828,8.0306146,0.55,1776.0,90.56
12,917.39,49.784,1.2750558,2.013246,0.0,0.0,73.15
13,920.82,62.438,2.6172198,3.3106712,0.0,0.0,43.64
14,911.0,86.432,1.2079476,1.677705,0.0,0.0,15.19
15,922.3831312,70.86526349,1.847278084,2.529142074,0.0,0.0,12.11088934
16,917.89,-,2.1922012,2.9303914,0.0,0.0,48.99
17,916.9152554,77.01896058,2.274725297,2.906513109,0.0,0.0,21.03146177
18,918.8,67.082,4.8765292,5.5699806,0.0,0.0,18.9
19,922.04,68.576,9.5517338,12.5716028,0.0,0.0,7.54
20,919.9922622,62.96438312,12.68043574,15.45230581,0.0,0.0,18.80951786
21,917.23,67.676,2.460634,3.2883018,0.0,0.0,40.64
22,921.125626,68.81877189,2.576537767,3.487443587,0.0,0.0,11.74220123
23,920.35,47.57,6.263432,7.605596,0.0,0.0,54.55
24,921.7882289,71.65957221,1.946446506,2.719711659,0.0,0.0,11.19424977
25,918.03,50.666,2.5277422,4.0041226,0.0,0.0,76.88
26,914.49,49.892,4.8541598,6.7331894,0.0,0.0,92.1
27,914.9,78.62,1.8119214,2.7514362,0.0,220.0,47.89
28,915.84,40.118,10.5359874,12.9295132,0.0,0.0,86.43
29,916.31,45.428,8.3437862,10.0885994,0.0,0.0,86.15
30,919.35,91.112,2.5277422,3.3777794,0.0,0.0,25.62
31,916.28,55.544,2.5948504,3.3777794,0.0,0.0,79.92
32,918.7,76.226,4.0936002,4.7423128,0.0,0.0,19.17
33,918.37,63.914,14.4506324,17.0454828,0.0,0.0,19.68
34,923.6,59.882,4.2949248,5.1897008,0.0,0.0,22.47
35,917.3,85.082,2.013246,2.8632832,0.0,0.0,32.02
36,912.64,53.996,6.822667,8.6345884,0.0,0.0,89.77
37,914.67,64.166,2.125093,2.7290668,0.0,0.0,58.57
38,914.66,50.36,8.5227414,10.0214912,0.0,20.0,91.22
39,921.9699513,60.95534153,1.664442299,2.367181133,0.0,0.0,12.1096289
40,919.3,64.22,10.7596814,11.7886738,0.0,0.0,34.63
41,921.09,68.666,14.204569,17.0454828,0.0,0.0,17.58
42,921.5,49.55,1.7448132,2.684328,1.53,5420.0,34.35
43,914.9,64.688,5.6594582,6.8674058,0.0,0.0,43.37
44,924.2,68.882,9.8872748,11.8781514,0.0,0.0,14.23
45,914.54,67.658,8.2543086,10.849159,0.0,0.0,35.05
46,917.9,65.66,6.0621074,6.5094954,0.021,319.0,74.22
47,916.05,87.188,1.565858,2.5948504,0.0,0.0,12.88
48,920.23,67.316,1.230317,2.0803542,0.0,0.0,13.89
49,923.6636768,69.03107042,7.55777528,8.819354482,0.0,0.0,14.69250133
50,921.9,65.876,4.4962494,5.3239172,0.0,0.0,10.35
51,918.58,76.982,1.3197946,1.9461378,0.0,0.0,15.54
52,922.36,74.336,4.1830778,6.9121446,0.0,0.0,12.48
53,922.928409,68.92146556,9.7874074,13.33468856,0.0,0.0,8.082800654
54,923.01855,70.33053243,3.059696039,4.269037625,0.0,0.0,22.85968417
55,916.42,45.014,3.0646078,4.809421,8.74,7000.0,57.71
56,922.57,45.626,5.2120702,6.0173686,0.0,0.0,85.71
57,920.03,66.992,2.460634,3.3106712,0.0,0.0,29.89
58,919.09,76.766,1.2974252,1.8119214,0.0,0.0,19.74
59,916.18,61.304,1.7224438,2.5277422,0.0,0.0,78.78
60,917.8,73.778,0.9395148,1.5434886,0.0,0.0,11.48
61,918.54,46.652,16.4862478,18.0297364,0.08,1153.0,91.36
62,918.24,61.988,4.4515106,5.8384134,0.0,0.0,60.65
63,917.02,53.258,3.131716,4.4515106,0.0,0.0,25.09
64,919.41,78.314,3.7580592,5.3910254,0.0,0.0,29.71
65,921.29,83.228,2.6619586,3.5567346,0.0,0.0,16.5
66,922.06,61.754,10.4241404,13.42164,0.0,0.0,17.7
67,925.5882714,66.35298837,17.52793246,20.97118326,0.0,0.0,14.4246214
68,917.58,69.368,6.9568834,8.6345884,0.0,0.0,28.63
69,922.2062329,57.03648251,12.38532935,15.78933106,0.0,0.0,14.9694299
70,917.7625807,82.06433413,2.234508146,3.206254488,0.0,0.0,16.57866197
71,925.0971257,57.13349912,14.61830695,19.21431385,0.0,1.540448294,18.64230606
72,920.7428234,74.51537627,13.87609399,16.98617834,0.01,75.86295265,9.406636211
73,916.75,54.572,1.5211192,2.2816788,0.0,0.0,89.84
74,922.79,53.978,1.8566602,2.6395892,0.02,180.0,17.39
75,920.1,53.492,13.4440094,15.3677778,0.0,0.0,31.47
76,922.0704549,76.74220082,3.771458562,6.004160988,0.0,0.0,13.56782358
77,921.61,38.138,4.5186188,5.5252418,0.0,0.0,29.8
78,916.22,68.252,9.9320136,11.1623306,0.0,0.0,24.66
79,915.57,61.34,4.8988986,5.5028724,0.0,0.0,13.89
80,916.8,65.444,3.5567346,4.7199434,0.0,0.0,21.61
81,917.46,58.298,5.9055216,6.934514,0.0,0.0,25.76
82,925.74,49.55,2.3264176,3.4001488,0.0,0.0,69.78
83,917.67,43.862,5.8384134,7.270055,0.0,0.0,85.18
84,920.93,63.824,7.6503348,8.5674802,0.0,0.0,20.63
85,916.82,50.288,2.684328,3.4225182,0.47,1030.0,58.73
86,917.2683056,85.66162976,2.158058057,2.829140057,0.031174102,70.52665037,31.21856628
87,921.39,76.082,1.901399,2.572481,0.04,300.0,47.52
88,915.9144357,69.38887311,10.97695077,14.29761714,0.0,9.397156951,8.498335363
89,919.0,68.162,1.7224438,2.3040482,0.0,0.0,34.63
90,918.8846912,72.89987778,1.026577543,1.482193818,0.0,0.0,18.91876489
91,915.32,83.84,1.5211192,2.0579848,0.0,0.0,17.49
92,918.8503361,74.08463941,3.416405485,4.748526322,0.0,0.0,11.07931552
93,921.4081299,47.97039461,10.99845315,14.38541279,0.0,0.0,22.14770138
94,913.3,79.376,3.2211936,4.0936002,0.0,0.0,13.07
95,927.61,54.896,4.9883762,7.2029468,0.0,0.0,13.51
96,921.8744784,68.09384795,2.14658555,2.891294671,0.0,0.0,12.47944521
97,921.54,43.16,23.5549782,29.8407796,0.05,100.0,19.38
98,916.52,51.638,7.4042714,8.388525,0.37,2170.0,91.69
99,921.39,46.67,1.7000744,2.2145706,0.0,0.0,38.09
100,918.9,77.558,1.1855782,1.8342908,0.0,0.0,62.1
101,919.56,78.476,5.9502604,6.9792528,0.0,0.0,20.19
102,919.4478167,61.5186601,14.40562685,17.6112668,0.0,0.0,19.53916528
103,921.5,54.536,5.0107456,6.4423872,0.0,0.0,82.28
104,919.7734056,68.72379995,16.12642905,20.82389079,0.0,0.0,15.05815004
105,917.4,73.868,4.138339,4.7646822,0.05,460.0,58.91
106,914.95,47.21,7.6279654,8.612219,20.02,11650.0,90.68
107,918.1229673,69.6873731,3.65013425,4.774079056,0.0,0.0,17.1085399
108,920.36,74.192,4.7199434,5.5699806,0.0,0.0,14.73
109,923.62,62.6,4.9436374,6.0621074,0.0,0.0,28.55
110,922.7114407,47.52111016,6.11125373,7.451948553,0.0,0.0,50.75183903
111,915.29,58.82,15.6138412,-,0.0,0.0,21.5
112,916.45,62.654,3.5343652,4.4291412,0.0,0.0,47.43
113,922.88,53.744,2.8185444,3.6685816,0.0,0.0,28.68
114,915.1,47.138,3.8922756,5.480503,0.0,0.0,72.29
115,918.29,75.236,2.3040482,2.9751302,0.0,0.0,35.96
116,919.5613327,69.16552065,1.382894185,2.031606785,0.0,0.0,15.93544664
117,917.3973494,79.24467791,1.110306816,1.542676075,0.0,0.0,13.36818385
118,918.2,65.984,2.8856526,3.7580592,0.0,0.0,13.85
119,915.17,51.17,1.565858,2.4158952,0.0,0.0,89.85
120,920.7,76.172,6.263432,7.270055,0.0,0.0,35.85
121,920.59,75.002,1.1632088,1.789552,0.0,0.0,13.92
122,918.32,74.732,2.0579848,3.019869,0.0,0.0,27.48
123,920.18,62.744,3.019869,3.8251674,0.0,0.0,45.21
124,913.61,79.628,3.2659324,3.7580592,0.0,0.0,12.76
125,923.3172954,70.34564733,4.181992575,5.402380134,0.0,0.0,18.35525613
126,917.69,75.038,3.131716,4.8317904,0.0,0.0,48.53
127,923.3242454,57.18647316,9.994809533,12.92188913,0.0,0.0,17.44536238
128,916.04,88.844,1.4092722,2.1922012,0.0,0.0,7.37
129,923.485042,68.45261063,4.671545946,6.483996384,0.0,0.0,18.39975068
130,916.5,76.928,1.2974252,1.9237684,0.0,0.0,42.52
131,918.0,66.866,2.684328,3.2659324,0.0,0.0,62.27
132,916.27,71.726,12.2136924,13.4440094,0.0,0.0,16.09
133,919.61,70.25,3.4001488,5.0778538,0.0,0.0,19.64
134,920.201586,57.81023706,5.38511667,7.435259553,0.0,0.0,14.3792334
135,918.8,48.416,2.0579848,2.9527608,0.0,0.0,65.12
136,921.6348996,65.89729045,3.016972003,4.018967337,0.0,0.0,10.72026911
137,919.08,72.752,2.460634,3.131716,0.0,0.0,41.95
138,913.06,64.814,1.1855782,1.9461378,0.0,0.0,60.8
139,921.9332984,64.61826922,3.815591981,4.733501,0.0,0.0,12.2849738
140,917.21,75.416,2.3040482,3.1540854,0.0,0.0,48.57
141,923.8315596,50.00212297,5.9064336,7.165717543,0.0,0.0,39.93988672
142,921.1862235,71.20382278,1.690793397,2.673681467,0.0,0.0,17.10315068
143,915.56,57.308,9.4846256,10.3794016,0.0,0.0,37.21
144,918.77,68.648,2.1474624,2.9527608,0.0,0.0,34.08
145,914.97,73.688,2.2593094,3.0646078,0.0,0.0,40.98
146,924.722875,61.12808283,8.576565466,11.44865044,0.0,0.0,17.20774274
147,916.79,76.424,2.3935258,3.2883018,0.0,0.0,33.11
148,916.55,57.956,3.131716,4.0712308,0.0,0.0,60.46
149,919.66,66.92,2.2145706,3.1988242,0.0,0.0,28.14
150,923.1877827,56.53274375,7.695570649,9.427236293,0.0,0.0,13.49691652
151,916.55,53.51,3.802798,4.9436374,0.01,10.0,84.48
152,917.22,79.952,3.6014734,4.585727,0.0,0.0,23.25
153,919.9,56.048,3.8699062,4.5409882,0.0,0.0,18.95
154,921.7,53.564,5.256809,6.8002976,0.0,0.0,19.89
155,919.27,50.054,2.9303914,3.9593838,0.0,0.0,70.76
156,926.1773682,66.06856811,16.99667398,20.49697829,0.0,0.0,14.58678058
157,921.5741147,75.25061053,1.963296053,2.648661988,0.035743013,268.0726009,43.52907512
158,918.32,55.454,6.4647566,7.8516594,0.0,0.0,24.28
159,915.7,56.534,1.6329662,2.1698318,0.0,0.0,81.99
160,921.507308,73.19115622,3.390924927,5.577992393,0.0,0.0,13.80796287
161,917.6,47.66,1.6105968,2.23694,0.0,0.0,89.84
162,920.77,70.718,4.4067718,5.0778538,0.0,0.0,13.16
163,915.6968387,86.23975056,1.742951989,2.503003987,0.0,0.0,8.810402446
164,913.7,64.886,3.467257,4.0936002,0.0,0.0,38.22
165,921.2110659,59.81076306,17.89629188,23.43976847,0.0,8.213187173,8.762945026
166,920.9,60.314,2.3040482,2.8856526,0.0,0.0,62.44
167,918.7138944,65.21846162,5.723355288,7.095593332,0.0,0.0,18.6347566
168,917.7062236,81.45133349,1.734641613,2.427703597,0.0,0.0,15.90510835
169,919.6,46.922,16.2401844,18.0521058,0.03,293.0,91.34
170,925.96,56.966,17.8731506,22.2799224,0.0,10.0,15.36
171,918.98,78.944,1.565858,2.1027236,0.0,0.0,36.35
172,917.7,74.786,6.6660812,8.2990474,0.0,0.0,22.33
173,919.9030809,55.96469778,8.828660563,11.03419158,0.0,0.0,20.43537504
174,923.61,58.406,10.6030956,13.6229646,0.0,0.0,17.98
175,915.15,84.236,1.11847,1.8342908,0.0,0.0,35.47
176,922.17,56.696,12.2136924,15.5914718,0.0,0.0,14.93
177,915.9,-,4.7199434,5.3462866,0.0,0.0,29.26
178,918.4,60.926,5.1897008,5.6818276,0.0,0.0,13.16
179,919.4779271,68.06004299,10.56738329,13.6928726,0.0,6.534115493,9.374424197
180,916.1,51.224,3.2659324,4.026492,0.0,0.0,88.43
181,915.63,72.356,3.802798,5.256809,0.0,0.0,52.34
182,919.0,61.25,5.6147194,6.7331894,0.0,0.0,32.16
183,916.8176734,84.28745579,1.892737962,3.085170344,0.0,0.0,13.6867076
184,914.98,84.362,1.4316416,1.9685072,0.0,0.0,37.64
185,918.8767448,77.0837053,4.324869059,5.06360032,0.0,0.0,10.07382203
186,916.5,71.042,2.4158952,3.2211936,0.0,0.0,49.01
187,922.1878752,56.86397406,12.29836798,15.68908393,0.0,0.0,14.94945239
188,922.57,69.368,2.6395892,3.6014734,0.0,0.0,19.95
189,924.14,55.562,3.243563,4.0488614,0.01,140.0,90.66
190,919.74,57.506,1.9685072,2.8185444,0.0,0.0,37.44
191,924.05,47.246,13.980875,17.8507812,0.0,20.0,16.71
192,920.59,42.62,5.256809,6.9121446,1.53,4310.0,36.79
193,917.8,66.002,2.2816788,3.3106712,0.0,0.0,32.06
194,919.36,48.74,2.5277422,3.6685816,0.0,70.0,90.7
195,918.3914977,73.16857813,1.63004495,2.24738385,0.0,0.0,11.81458456
196,911.7,47.804,3.3106712,4.0712308,0.0,0.0,90.09
197,920.93,75.434,2.1474624,2.9751302,0.0,0.0,15.09
198,922.698232,60.27479795,3.300545669,5.146777719,0.0,0.0,19.8183735
199,922.9020623,60.81012419,1.906562783,2.449735011,0.0,0.0,8.3099531
200,920.4057949,49.68650273,10.22502142,13.19277025,0.0,0.0,23.07243455
201,924.3902265,66.09908715,9.650178615,11.31602568,0.0,0.0,13.09353397
202,916.4,50.666,1.006623,1.4987498,0.0,0.0,91.15
203,913.52,62.51,8.3214168,9.3056704,0.0,0.0,40.25
204,907.99,41.36,12.2584312,17.7613036,0.98,3079.0,89.68
205,917.65,84.272,1.0513618,1.6105968,0.0,0.0,16.68
206,920.0,74.894,6.9792528,8.9701294,0.0,0.0,27.36
207,915.49,59.324,3.3777794,4.5633576,0.0,0.0,66.45
208,922.89,63.176,4.4067718,5.7265664,0.0,0.0,31.74
209,918.3,64.004,6.6213424,8.0306146,0.0,0.0,8.73
210,918.14,79.106,2.2816788,2.8856526,0.0,0.0,20.13
211,918.3095406,75.05238781,2.013337411,2.665303283,0.0,0.0,10.67546224
212,923.8852213,58.60710231,11.21570137,14.47634577,0.0,0.0,17.3082965
213,921.54,45.284,8.4108944,9.3727786,0.08,397.0,77.13
214,920.627327,78.66944499,2.901135951,3.968540654,0.0,0.0,18.10408267
215,917.24,45.482,7.2253162,10.5583568,0.06,740.0,55.88
216,918.88,60.692,4.362033,4.921268,0.0,0.0,34.77
217,923.6,40.622,1.7224438,2.7514362,0.0,10.0,79.26
218,921.1268634,48.61428416,11.3135682,15.0339002,0.0,0.0,28.24334024
219,921.6140613,60.53349648,4.472759068,5.664554056,0.0,0.0,11.81543762
220,923.7574672,70.92150085,5.090498516,6.46314964,0.0,0.0,17.41592061
221,919.0364128,74.21498778,2.924410013,3.618356966,0.0,0.0,13.41607864
222,915.5,68.81,3.5567346,4.585727,0.0,0.0,50.36
223,917.8075395,79.46219997,1.465764042,1.96225087,0.0,0.0,14.86957859
224,918.71,40.46,16.1283374,18.2757998,0.0,40.0,79.78
225,916.31,79.502,6.71082,8.1424616,0.0,0.0,24.16
226,914.7,63.572,8.5674802,10.625465,0.0,0.0,51.62
227,917.86,66.776,1.5211192,2.3040482,0.0,0.0,51.97
228,920.4809981,65.5192357,3.77668495,4.586099132,0.0,0.0,22.89603974
229,919.28,72.644,4.7199434,5.8831522,0.01,20.0,47.51
230,915.6,56.282,3.1988242,4.1607084,0.0,0.0,89.95
231,918.9,76.874,2.8632832,3.6685816,0.0,0.0,32.28
232,917.4,70.322,6.1292156,7.1358386,0.05,270.0,49.43
233,921.65,62.87,10.7149426,13.7124422,0.0,0.0,21.11
234,915.61,69.314,10.9162672,14.204569,0.0,10.0,8.3
235,915.8361258,70.55233656,3.337398212,4.142721001,0.0,0.0,10.91538616
236,922.18,42.476,7.1358386,8.4556332,0.0,0.0,84.08
237,923.5521786,71.09229021,3.942863916,5.165807062,0.0,0.0,13.30978526
238,921.4455101,62.93208054,9.134018007,11.65902058,0.0,0.0,16.54143045
239,920.85,57.398,9.1267152,10.6030956,0.0,0.0,13.49
240,920.02,49.946,8.388525,9.8201666,0.0,0.0,50.36
241,921.34,62.402,11.8334126,16.5757254,0.0,0.0,20.63
242,916.5815039,75.22466243,6.690025815,7.53528201,0.0,0.0,15.48874732
243,922.32,55.526,9.395148,10.849159,0.02,60.0,91.12
244,917.08,63.968,3.4896264,4.362033,0.0,0.0,22.56
245,920.0421425,65.20178968,3.626740706,4.628611525,0.0,0.0,24.3668217
246,920.5,40.838,5.5699806,6.9792528,0.0,90.0,70.31
247,916.45,74.318,1.0513618,1.7671826,0.0,0.0,24.75
248,915.4,45.392,11.2070694,15.0098674,0.56,2495.0,90.47
249,919.55,59.09,20.8930196,24.6958176,0.0,0.0,12.86
250,917.6,74.93,11.6544574,15.099345,0.0,70.0,53.83
251,921.3913192,68.22350765,4.538617584,5.40260097,0.0,0.0,10.45281845
252,917.56,68.612,7.605596,8.6793272,0.0,0.0,40.14
253,923.9079209,72.72259406,2.611461343,3.461424717,0.0,0.0,16.69798676
254,918.1,73.454,1.454011,2.23694,0.0,0.0,19.25
255,919.6158852,71.29991157,4.266622538,6.046422157,0.0,0.0,14.42305345
256,914.06,68.63,3.9817532,5.0778538,0.0,0.0,59.21
257,915.2653904,80.31328745,1.381721488,1.838716306,0.0,0.0,19.29905188
258,923.054433,65.16357022,3.544045494,4.943764538,0.0,0.0,11.99979093
259,914.83,74.57,1.4092722,2.23694,0.0,0.0,47.51
260,916.65,89.402,1.7224438,2.1922012,0.0,0.0,12.05
261,919.47,84.578,3.131716,3.9817532,0.0,0.0,16.74
262,923.5966068,58.38059785,10.63627255,13.67142306,0.0,-,17.99087636
263,915.1019014,73.21167026,1.359570338,1.988785063,0.0,0.0,22.7612053
264,919.71,70.286,2.796175,5.144962,0.171,999.0,12.21
265,916.9,68.378,0.6934514,1.2750558,0.0,0.0,20.19
266,923.78,64.454,4.0041226,5.5699806,0.0,0.0,10.97
267,922.85,63.086,15.434886,19.3047922,0.0,0.0,15.67
268,920.4,59.54,1.9461378,2.4830034,0.86,6950.0,43.63
269,920.5277587,60.43336922,12.48279264,15.31898188,0.0,0.0,18.13637262
270,921.4611652,63.11632857,9.38454164,11.99709279,0.0,0.0,16.22531864
271,923.82,64.364,2.9751302,3.467257,0.0,0.0,22.19
272,915.73,45.734,7.3147938,8.500372,0.0,0.0,90.61
273,917.15,49.37,10.2004464,12.6610804,0.0,0.0,34.7
274,922.7542207,50.31093889,13.45038354,17.76127697,0.0,0.0,28.34741392
275,920.6319977,68.61954067,3.9575881,5.106171337,0.0,0.0,15.45566476
276,917.0108508,85.71935991,2.327021942,3.09794544,0.0,0.0,15.66874657
277,920.48,62.6,2.7514362,3.8699062,0.0,0.0,52.58
278,916.4,78.512,3.914645,4.6304658,0.0,0.0,34.71
279,915.71,86.342,1.7448132,2.5053728,0.0,0.0,8.68
280,913.8,68.954,2.23694,3.5343652,0.0,0.0,35.16
281,929.32,49.982,1.789552,3.0422384,0.0,0.0,11.34
282,920.8759517,74.20858416,8.161792183,10.26903163,0.0,0.0,15.66055566
283,919.84,49.532,5.9502604,6.9568834,24.02,6690.0,91.4
284,920.9025993,56.99471668,2.901722608,3.511527166,0.0,0.0,21.67838488
285,919.8622252,75.40805734,1.644036217,2.555761291,0.0,0.0,14.79946385
286,913.6332677,82.66416426,1.311490874,1.907801164,0.0,0.0,15.61173428
287,913.49,51.098,5.3015478,6.7779282,0.0,0.0,76.05
288,913.26,48.254,11.4978716,14.1821996,0.0,150.0,89.75
289,918.55,52.754,3.019869,4.4291412,0.0,0.0,66.2
290,921.5654424,64.34359081,11.05326069,14.24896635,0.0,0.0,14.11972166
291,918.3,51.836,1.677705,2.2593094,0.02,240.0,61.38
292,916.8678815,81.45214955,1.876678521,2.651073695,0.0,0.0,27.88601462
293,917.8037736,77.0278835,5.352933499,6.366609824,0.0,0.0,19.9366652
294,916.4723882,75.9300745,4.900103325,5.902168621,0.0,0.0,19.74461351
295,920.3305959,72.24249065,2.815387376,3.963595764,0.0,0.0,18.83472065
296,916.12,49.082,1.7000744,2.572481,0.0,0.0,77.33
297,917.3,73.616,2.4158952,3.467257,0.0,0.0,12.99
298,923.2818523,48.74219853,14.15724013,18.20855047,0.0,17.74736746,17.25063181
299,923.21,43.862,1.2526864,1.9685072,0.725,5558.0,85.0
300,915.6,77.918,3.5119958,4.4515106,0.0,0.0,24.71
301,913.34,57.218,3.7133204,4.47388,0.0,0.0,81.77
302,916.75,61.574,2.5501116,3.1540854,0.0,0.0,35.24
303,918.59,51.08,4.697574,5.7265664,0.02,80.0,46.23
304,919.5763366,63.60195396,6.086013317,7.3882197,0.0,0.0,10.01830228
305,916.1,56.426,10.2451852,12.079476,0.0,0.0,22.64
306,913.97,72.824,1.4987498,2.1922012,0.0,0.0,25.92
307,917.9558332,78.38301444,5.73771025,7.192632706,0.0,0.0,19.42487217
308,920.0422643,69.22872653,21.18064407,26.44910475,0.0,34.23159729,14.76320266
309,919.1,84.146,1.7224438,2.684328,0.0,0.0,28.29
310,918.03,44.06,7.5161184,9.9096442,0.02,250.0,90.43
311,919.49,85.55,3.1764548,4.0488614,0.0,0.0,16.08
312,915.1,89.78,2.6395892,3.7580592,0.0,0.0,30.27
313,916.5427326,76.53272584,3.729839123,4.7199434,0.0,0.0,12.40234867
314,919.4138095,67.50973314,1.10993661,1.779403225,0.0,0.0,16.46413937
315,917.09,63.266,6.7331894,7.9635064,0.0,0.0,62.82
316,917.93,48.056,2.684328,3.8922756,0.0,40.0,82.81
317,913.2,63.374,7.2253162,8.500372,0.0,0.0,49.18
318,919.76,54.284,4.2054472,4.921268,0.0,0.0,17.77
319,921.9,78.206,5.368656,7.4490102,0.0,0.0,13.49
320,918.1,58.766,4.6304658,5.8607828,0.0,0.0,87.9
321,921.9102504,53.60209408,12.12761178,15.60581857,0.0,0.0,17.36394962
322,926.7620317,54.7048843,5.026891007,7.145174589,0.0,0.0,14.42540404
323,918.1,44.726,9.0148682,10.737312,0.0,10.0,87.27
324,917.54,71.384,2.1698318,2.7066974,3.6,10970.0,75.48
325,920.4,79.178,1.6553356,2.3711564,0.0,0.0,40.04
326,926.55,62.762,14.8309122,18.790296,0.0,0.0,11.22
327,916.3,58.496,4.0712308,4.7199434,0.0,0.0,24.05
328,921.4118864,62.02707785,8.247016861,10.4455477,0.0,0.0,19.01460029
329,919.4216453,68.22001132,1.216893216,1.865605816,0.0,0.0,16.41271205
330,918.1,61.988,11.0504836,12.7281886,0.0,0.0,19.24
331,918.9020905,73.50249595,0.958510766,1.439668078,0.0,0.0,12.87453981
332,918.6948668,74.67577296,2.644399729,3.479075859,0.0,0.0,10.83953628
333,919.92,52.214,1.9908766,2.7738056,0.0,0.0,60.33
334,916.23,75.74,2.7514362,4.1830778,-,1480.0,31.88
335,913.2,39.02,8.8135436,11.072853,0.01,130.0,91.42
336,912.89,45.32,21.25093,23.5773476,0.03,250.0,84.09
337,924.72,63.518,1.3645334,1.8119214,0.0,0.0,7.32
338,912.8,42.512,11.3860246,12.7281886,0.0,0.0,89.77
339,916.4,72.968,3.1988242,3.9593838,0.0,0.0,19.96
340,920.5194575,81.37174566,2.614439223,3.539454826,0.0,0.0,15.82215431
341,921.48,76.622,4.2054472,5.3910254,0.0,0.0,19.08
342,908.42,46.112,16.217815,21.2732994,0.07,400.0,91.17
343,916.28,47.858,10.625465,13.6900728,0.0,0.0,57.7
344,917.06,79.178,1.4987498,2.2145706,0.0,0.0,34.3
345,920.53,81.95,10.1557076,12.7058192,0.0,0.0,19.8
346,919.9688186,66.6956673,9.361890964,10.8475151,0.0,0.0,17.82731464
347,920.1812947,58.90810931,9.395120679,11.73543121,0.0,0.0,18.93314198
348,915.69,43.646,9.171454,11.1175918,0.0,80.0,91.88
349,923.0384033,60.63699846,17.0708015,22.10491764,1.21e-05,20.04838365,8.902153072
350,917.12,45.896,3.4001488,3.9817532,0.0,0.0,89.03
351,917.15,59.954,6.6884506,7.381902,0.0,0.0,20.12
352,925.28,66.47,11.2294388,15.3454084,0.0,0.0,13.93
353,919.7073418,68.27722271,3.95103064,5.183273101,0.0,0.0,14.76524046
354,922.8213104,67.81330144,9.555245,11.55889198,0.0,0.0,14.89222774
355,917.6,81.914,1.677705,2.348787,0.0,0.0,29.99
356,919.11,58.46,2.1698318,2.8185444,0.0,0.0,32.7
357,921.6848174,61.05388861,10.9939139,13.95291529,0.0,0.0,17.74130451
358,917.44,58.514,10.0214912,12.7058192,0.0,0.0,13.88
359,923.9819454,68.21749494,5.170105725,7.160321329,0.0,0.0,18.27735168
360,919.0136723,62.59743172,3.643050208,4.869821116,0.0,0.0,22.37015948
361,920.4449457,65.80184531,21.52017709,25.54911195,-,40.36401816,12.27871544
362,926.5,71.114,12.1018454,14.8085428,0.0,0.0,13.94
363,920.0038902,69.31791272,4.670853574,6.047160368,0.0,0.0,13.76670499
364,917.7,65.372,3.0646078,4.5409882,0.0,0.0,22.93
365,917.85,65.372,1.454011,2.23694,0.0,0.0,39.37
366,924.94,57.164,14.0256138,18.6560796,0.0,0.0,19.24
367,918.1,49.946,1.454011,2.23694,0.0,0.0,91.87
368,924.789568,71.20520678,2.522801012,3.373798753,0.0,0.0,15.13919915
369,916.32,63.032,3.9593838,4.6528352,0.0,0.0,37.05
370,917.35,74.948,1.3197946,1.9237684,0.0,0.0,57.9
371,917.8,75.902,8.7464354,12.5939722,0.0,0.0,42.09
372,911.45,66.326,1.8342908,2.8856526,0.0,0.0,47.61
373,918.3,78.854,2.8409138,3.9370144,0.0,0.0,15.77
374,916.4752029,78.65687296,2.639039347,3.39497844,0.0,0.0,17.63831369
375,918.0264534,73.44189552,1.366093834,2.032277076,0.0,0.0,10.41924474
376,916.9860065,75.84382067,1.30391354,1.889003196,0.0,0.0,17.43009839
377,915.92,47.444,4.1159696,5.3462866,0.0,0.0,72.38
378,924.1,64.706,10.5807262,12.3926476,0.0,0.0,13.05
379,916.63,65.228,1.1855782,1.8342908,0.0,0.0,15.09
380,917.2,74.138,3.0646078,3.7133204,0.0,0.0,13.32
381,918.48,66.542,3.467257,4.4067718,-,0.0,20.64
382,921.11,63.968,3.2883018,4.026492,0.0,0.0,26.6
383,918.6370623,73.42994491,1.024885233,1.634550395,0.0,0.0,12.96076068
384,922.1838463,54.79058849,6.611144735,8.528633998,0.0,0.0,19.40615365
385,913.07,57.614,2.5501116,3.2211936,0.0,0.0,76.67
386,913.32,79.214,2.8409138,4.1159696,0.0,0.0,17.69
387,914.63,55.4,5.368656,6.4200178,0.04,380.0,91.49
388,915.71,78.044,4.2725554,5.1897008,0.0,0.0,26.53
389,916.5,74.588,1.8342908,2.5948504,0.0,0.0,33.73
390,914.1317359,82.58315211,2.577089777,3.399743453,0.0,0.0,19.91117711
391,920.0,68.054,4.6752046,6.151585,0.0,0.0,14.5
392,919.58,62.114,4.5633576,5.6594582,0.0,0.0,76.03
393,921.6436746,68.89438461,3.37330212,4.520630245,0.0,0.0,17.9856135
394,917.3966172,78.69746778,2.637338559,3.771115841,0.0,0.0,22.81590461
395,922.254438,61.78811046,1.866895169,2.425626104,0.0,0.0,8.596749102
396,917.1,58.64,10.2451852,11.5873492,0.0,0.0,28.13
397,924.08,60.08,18.9245124,23.5549782,0.0,10.0,13.13
398,917.7,56.264,3.5567346,4.697574,0.0,0.0,75.16
399,925.63,59.882,15.099345,19.8863966,0.0,0.0,13.05
400,916.7370565,77.37667411,3.334137998,4.048377157,0.0,0.0,31.21607683
401,921.5105339,60.51021538,20.72438109,25.52754984,0.01,54.01525312,11.45801709
402,912.98,46.994,5.6594582,6.822667,0.0,0.0,91.33
403,912.3,74.552,3.7580592,4.809421,0.0,0.0,34.16
404,923.8,59.972,3.0422384,4.3396636,0.18,1350.0,32.3
405,924.16,61.88,3.4448876,4.809421,0.0,0.0,15.21
406,920.91,66.416,4.0712308,4.8317904,0.0,0.0,13.42
407,918.69,48.902,4.47388,6.0844768,0.0,0.0,77.7
408,921.8,53.492,3.0869772,4.2054472,0.0,0.0,23.67
409,-,67.85383333,4.32859364,5.216734221,0.0,0.0,18.48738543
410,923.95,48.182,4.1830778,5.144962,0.0,0.0,74.21
411,922.8084455,60.06418129,3.378980958,5.268364379,0.0,0.0,19.82925713
412,922.99,59.486,3.3777794,5.2791784,0.0,0.0,19.84
413,926.77,65.696,9.9096442,12.7281886,0.0,0.0,11.4
414,922.2,58.298,4.6752046,5.7489358,0.0,0.0,32.4
415,915.3,51.512,5.0778538,5.7489358,0.0,0.0,68.52
416,918.5111396,77.62439967,2.130714809,2.858198612,0.0,0.0,16.13129142
417,921.2386105,68.19483703,14.30845427,17.23625393,0.0,0.0,17.41872379
418,915.03,72.428,2.3711564,3.3106712,0.0,0.0,43.19
419,918.3,64.886,3.7580592,4.809421,0.0,0.0,36.04
420,917.0147568,82.08455393,1.273779328,1.857727387,0.0,0.0,17.8492157
421,918.37,65.318,6.2186932,7.5608572,0.0,0.0,20.46
422,920.64,53.888,14.763804,19.4390086,0.0,10.0,19.11
423,921.09,70.124,2.908022,3.5343652,0.0,0.0,43.95
424,915.3,80.276,1.342164,1.789552,0.0,0.0,19.27
425,923.8339962,68.39986219,13.09782124,17.16838282,0.0,0.0,9.777602566
426,919.39,65.876,3.9593838,4.809421,0.0,0.0,48.17
427,919.09,56.174,5.3239172,6.375279,0.0,0.0,40.08
428,914.36,59.918,4.8765292,5.8607828,0.0,0.0,74.25
429,920.11,61.142,3.6238428,4.6528352,0.0,0.0,28.64
430,914.1065881,73.76724585,1.503156618,2.218642107,0.0,0.0,25.06369772
431,920.5354071,68.68930518,13.00492854,16.72353156,0.0,0.0,10.28910353
432,919.01,60.044,2.348787,2.908022,0.0,0.0,28.47
433,919.5797521,68.56876297,5.442571736,6.483478103,0.0,0.0,9.021708209
434,918.16,72.32,2.125093,2.9751302,0.0,0.0,44.85
435,922.9187405,59.52882277,17.68292319,22.03106575,0.0,0.0,12.96527314
436,916.1,76.352,5.033115,5.7713052,0.894,2981.0,30.93
437,923.1567033,69.84222257,5.676675693,6.981690518,0.0,0.0,14.91156137
438,915.91,41.864,2.908022,4.697574,2.74,15849.0,91.6
439,917.2,54.392,7.7621818,9.059607,0.0,0.0,20.89
440,917.83,73.04,2.8185444,4.1607084,0.0,0.0,25.4
441,918.78,73.148,2.2816788,2.7738056,0.0,0.0,26.27
442,920.9570212,65.23695711,3.891116646,5.187466809,0.0,0.0,9.161148737
443,917.58,63.968,0.8724066,1.565858,0.0,0.0,22.38
444,923.9946532,71.86255895,2.994232455,3.957259197,0.0,0.0,15.61895456
445,920.5189681,68.66170684,15.95716198,20.64466684,0.0,0.0,14.45057228
446,914.9,72.14,1.5882274,2.2816788,0.0,0.0,18.78
447,919.6439977,64.23715803,16.04767469,19.95423401,0.510196145,1510.906787,18.27250895
448,921.86,54.176,4.0712308,5.5476112,0.0,0.0,20.78
449,918.7814078,75.2646836,2.096383108,2.803396893,0.013937082,18.58277567,22.68373007
450,922.7179767,72.05570529,6.522739585,8.328620917,0.0,0.64410463,12.99786028
451,918.36,56.714,1.4092722,2.013246,0.0,0.0,62.89
452,920.5630801,73.25469603,4.491629747,5.952553282,0.0,0.0,12.10284365
453,922.1634285,60.73776658,5.583109569,6.742180977,0.0,0.0,26.81209698
454,920.4,81.914,9.6859502,12.2584312,0.01,90.0,8.0
455,918.3,83.894,2.7066974,3.35541,0.0,0.0,19.12
456,918.8,80.384,1.7671826,2.7738056,0.0,0.0,24.59
457,920.57,65.138,2.013246,2.7514362,0.0,0.0,17.16
458,919.63724,76.10327975,3.411109146,4.85849741,0.0,0.0,26.61881505
459,918.26,82.4,2.0579848,2.9527608,0.0,0.0,10.76
460,916.3,63.302,6.1292156,7.6950736,0.0,0.0,13.83
461,915.6,87.314,3.2883018,4.6304658,0.0,0.0,23.16
462,918.79,52.232,4.809421,6.0844768,0.0,0.0,32.08
463,918.65,73.184,8.276678,10.1557076,0.0,0.0,47.53
464,916.33,68.414,6.2410626,7.5832266,0.0,0.0,31.22
465,915.64,66.47,9.3727786,10.2004464,0.0,0.0,14.71
466,913.83,52.286,5.5028724,6.3529096,0.0,0.0,52.37
467,922.1,54.14,1.4316416,1.901399,0.04,600.0,90.84
468,915.2,66.56,4.47388,5.2120702,0.0,0.0,38.4
469,918.6,56.948,1.5434886,2.348787,0.0,0.0,64.72
470,917.1,52.088,3.2883018,4.9883762,0.0,0.0,90.58
471,917.4,74.048,3.0869772,3.8922756,0.0,0.0,36.13
472,914.61,49.442,6.2858014,7.5161184,0.0,0.0,79.46
473,920.32,65.462,14.875651,18.4100162,0.0,0.0,8.04
474,908.97,48.686,8.0082452,10.5807262,0.16,330.0,91.89
475,922.2399667,74.33019242,1.163097198,1.833570672,0.0,0.0,14.73920053
476,917.18,62.834,3.2211936,4.026492,0.0,0.0,36.63
477,915.3745951,72.99481725,2.200839329,2.89063635,0.006534604,49.0095322,27.03081148
478,920.9692432,69.01193103,4.468167476,5.892788595,0.0,0.0,14.29432506
479,918.94,46.634,2.7738056,4.0041226,0.0,0.0,76.02
480,917.3344109,67.00316846,4.738371951,5.786874214,0.0,0.0,18.72097432
481,915.55,73.76,9.3727786,10.9386366,0.0,0.0,31.7
482,915.7,60.512,8.2319392,9.4398868,0.0,0.0,16.79
483,920.8,65.084,4.0936002,5.4581336,0.0,0.0,8.8
484,923.63,53.744,2.8409138,4.0488614,0.0,0.0,33.72
485,918.49,69.512,1.9237684,2.7066974,0.0,0.0,52.4
486,919.19,73.904,3.1988242,4.4515106,0.0,0.0,11.49
487,920.59,47.804,2.2816788,2.9751302,3.71,6670.0,79.3
488,922.1314417,59.93227386,2.167788868,3.042690663,0.0,0.0,12.01768407
489,922.98,63.374,3.6462122,5.4133948,0.0,0.0,15.84
490,917.4,77.234,1.8566602,2.6395892,3.13,2980.0,14.31
491,921.1399556,61.71375643,4.025592225,4.831773845,0.0,0.0,23.58245375
492,920.66,70.556,11.9228902,15.7480576,0.0,0.0,11.59
493,913.63,45.356,9.6412114,11.743935,0.09,540.0,64.9
494,915.6,70.286,1.7671826,2.5277422,0.0,0.0,52.36
495,916.23,65.822,7.3371632,9.9096442,0.0,0.0,40.51
496,919.9806643,64.09209944,22.09173287,27.53505969,0.023570582,125.1079476,12.64710564
497,921.36,47.048,11.9452596,15.6362106,0.0,0.0,22.52
498,912.65,68.27,1.677705,2.684328,0.0,0.0,53.18
499,919.5,79.862,1.4763804,2.23694,0.0,0.0,8.48
500,923.72,58.208,4.8317904,7.493749,0.0,0.0,20.94
501,922.5730654,58.73324309,18.40590898,23.63748329,0.0,10.0,10.75368011
502,914.95,39.524,2.1698318,2.8632832,1.75,6160.0,91.23
503,919.7381606,67.4327443,1.157775334,1.899000036,0.0,0.0,15.44118585
504,920.02,81.644,1.901399,2.8856526,0.0,0.0,29.46
505,922.6394891,72.48003163,5.106287101,5.952700857,0.0,0.0,10.81813497
506,917.29,78.206,7.1805774,9.1938234,0.0,0.0,21.87
507,914.62,66.128,7.6503348,9.5964726,0.0,0.0,46.7
508,917.36,60.512,3.6462122,4.5409882,0.0,0.0,74.44
509,918.9775162,53.63588118,7.650124863,9.535366158,0.0,0.0,23.89933272
510,918.09,68.864,16.5086172,21.2285606,0.0,0.0,16.43
511,912.99,64.58,7.0239916,8.6793272,0.0,0.0,44.78
512,919.52,62.24,2.0803542,3.1764548,0.0,0.0,39.3
513,917.2,75.614,1.9461378,2.7290668,0.0,0.0,62.54
514,923.27,63.554,10.5583568,15.099345,0.0,0.0,18.67
515,923.6,51.98,2.9527608,3.579104,0.0,0.0,26.22
516,917.4,45.122,8.1872004,9.6412114,0.0,0.0,91.48
517,920.57,53.6,4.697574,6.2858014,4.712,14842.0,79.88
518,922.47,50.36,7.3371632,8.724066,0.0,0.0,82.83
519,916.25,55.67,6.6660812,-,0.0,0.0,72.55
520,917.33,79.808,1.9908766,2.7738056,0.0,0.0,28.4
521,921.73,57.776,2.1027236,2.6619586,0.0,0.0,23.93
522,922.1416622,66.77042766,3.602571205,5.038349176,0.0,0.0,11.48071642
523,917.9848317,75.88228356,2.987343292,3.683273091,0.0,0.0,13.93021141
524,917.4,69.926,4.4515106,5.6594582,0.0,0.0,70.84
525,917.4,61.916,1.7671826,2.3264176,0.0,0.0,20.56
526,920.86,66.938,2.684328,3.4448876,0.0,0.0,17.45
527,917.12,57.398,1.4987498,2.125093,0.0,0.0,51.03
528,920.67,66.056,1.8342908,2.4382646,0.0,0.0,12.57
529,915.5,57.632,2.4158952,3.35541,0.0,0.0,61.65
530,915.31,78.872,1.6553356,2.0803542,0.0,0.0,26.95
531,914.13,49.712,3.3777794,3.9817532,0.0,0.0,90.11
532,913.27,40.1,12.9295132,14.9203898,0.0,0.0,81.45
533,915.87,76.55,2.1698318,2.908022,0.0,0.0,38.72
534,919.42,53.114,5.8831522,7.1358386,0.0,0.0,67.91
535,913.7,44.33,1.7448132,2.4830034,1.48,4900.0,73.7
536,920.97,59.72,12.079476,14.9651286,0.0,0.0,17.82
537,921.6156984,76.02907552,1.367872031,1.840100132,0.0,0.0,14.78937917
538,921.17,59.342,6.822667,8.2543086,0.0,0.0,31.23
539,923.5524394,59.60851581,18.74295527,23.58386229,0.0,10.0,12.29807758
540,921.409125,60.84921067,21.3141794,25.60532544,0.01,51.11785752,11.83467852
541,921.4802306,59.68368863,16.57727206,20.11195953,0.002651296,42.65129609,17.09469792
542,922.8088856,68.74555103,4.191824642,5.236938698,0.0,0.0,11.97821747
543,921.65,62.87,10.7149426,13.7124422,0.0,0.0,21.11
544,923.4182873,60.4350343,17.74318973,22.62984599,0.0,16.36262181,10.43861097
545,917.69,54.824,2.125093,2.7514362,0.0,0.0,90.67
546,-,42.746,12.9295132,17.6047178,14.627,7825.0,87.87
547,922.2663561,64.18310635,10.16769248,13.32638791,0.0,0.0,14.35572063
548,914.4,79.916,3.9370144,4.8988986,0.0,0.0,25.39
549,918.8654987,69.16907875,3.808706671,5.44993317,0.0,0.0,14.75482484
550,915.8085372,73.21752188,2.179238163,2.867685111,0.008948747,67.11559972,28.50887012
551,920.87,42.692,5.3239172,6.0173686,0.49,2630.0,92.1
552,920.2881549,75.76523686,1.271150431,1.897493631,0.0,0.0,13.22288158
553,922.9620356,62.13138749,4.370476525,5.240068616,0.0,0.0,17.92168895
554,921.02,73.706,4.1159696,4.7423128,0.0,0.0,9.35
555,921.22,57.524,17.9402588,23.711564,0.0,10.0,8.62
556,921.44,61.214,5.5028724,7.0910998,0.0,0.0,13.32
557,917.61,73.022,4.3396636,5.59235,0.0,0.0,6.09
558,915.3,69.53,1.2974252,1.677705,0.0,0.0,23.64
559,922.5,66.74,1.901399,2.5277422,0.0,0.0,12.71
560,922.1741306,62.26758356,16.55276044,20.40892228,0.0,0.0,15.09448694
561,916.83,80.798,1.9461378,2.684328,0.08,530.0,44.38
562,925.7586492,72.55406499,12.34832177,15.15950372,0.0,0.0,15.43108526
563,912.5,57.398,2.6619586,3.8699062,0.0,0.0,67.2
564,917.4619004,55.51162424,7.933056319,9.239358118,0.0,0.0,20.61421094
565,909.86,54.14,18.7231878,24.4721236,9.05,17704.0,90.0
566,918.3553107,64.17368536,14.55859776,17.26493412,0.0,0.0,19.50949951
567,914.86,48.038,5.0554844,5.9949992,0.0,0.0,78.99
568,919.0,69.818,1.677705,2.1698318,0.07,270.0,69.99
569,921.61,64.868,11.7663044,15.211192,0.0,0.0,13.22
570,910.34,50.72,10.7820508,13.3992706,0.0,0.0,87.7
571,920.3347769,83.00420473,13.70887679,17.17209332,0.0,0.0,25.64781918
572,919.4,69.854,1.006623,1.9237684,0.0,0.0,26.49
573,922.7024588,56.99410834,6.004598502,7.924999488,0.0,0.0,14.41260501
574,923.48,64.472,9.4846256,12.079476,0.05,100.0,12.0
575,916.64,68.9,2.9527608,3.6685816,0.0,0.0,26.01
576,922.473233,66.63978421,1.991812146,2.631926885,0.0,0.0,12.68992472
577,920.0755911,69.34875007,21.1083898,26.65959626,0.001194497,34.15009457,15.27325813
578,916.7,69.476,2.1027236,2.9303914,0.0,0.0,19.36
579,915.4454464,70.61219232,2.003131628,2.994472967,0.0,0.0,25.16638737
580,923.634017,62.56051173,13.15324274,17.55082378,0.0,0.0,16.48667949
581,916.87,67.604,4.4067718,5.3462866,0.0,0.0,18.75
582,917.8482865,72.35953393,2.916904476,3.579044651,0.0,0.0,13.03427371
583,912.79,41.486,8.612219,11.520241,0.0,20.0,91.28
584,922.5930641,68.21650832,9.838116036,13.0450881,0.0,0.0,8.630765356
585,916.25,79.754,1.0737312,1.5882274,0.0,0.0,41.99
586,922.1,62.96,1.789552,2.5277422,0.0,0.0,11.71
587,919.32,67.532,1.0961006,1.7448132,0.0,0.0,16.76
588,918.38,64.166,5.0107456,5.9502604,0.0,0.0,16.3
589,919.9401109,76.96897212,4.788759632,5.717718473,0.0,0.0,19.47201277
590,918.0,60.314,4.2725554,5.5476112,0.0,0.0,35.83
591,920.81,59.072,9.0148682,9.9096442,0.0,0.0,20.05
592,918.9812134,79.76906271,2.358614612,3.55130611,0.0,0.0,26.11100432
593,925.3,72.77,2.6619586,3.5343652,0.0,0.0,15.79
594,917.54,77.504,2.1474624,3.4448876,0.0,0.0,35.49
595,920.3048566,59.27547873,5.782927755,7.288502638,0.0,0.0,13.71033915
596,916.35,44.708,9.5293644,11.8110432,0.02,220.0,92.19
597,920.3726566,75.56837539,3.168316887,3.875470011,0.0,0.0,12.7482237
598,921.16,57.2,3.0869772,4.6304658,0.0,0.0,28.43
599,914.2,72.392,2.2593094,2.9527608,0.0,0.0,23.03
600,916.72,86.936,2.1922012,2.8632832,0.03,40.0,29.05
601,920.31,83.138,14.1598302,17.7389342,0.0,0.0,26.39
602,922.8831801,69.77771706,3.285986898,4.356205907,0.0,0.0,19.2816672
603,920.8,57.542,7.0910998,8.500372,0.0,0.0,73.17
604,914.07,47.048,3.7356898,4.921268,2.03,5930.0,92.14
605,916.47,66.092,2.572481,3.3777794,0.37,2230.0,-
606,914.87,53.078,1.3869028,2.0356154,0.0,0.0,81.4
607,915.6,76.28,1.8566602,2.3711564,0.0,0.0,21.61
608,917.6,69.656,1.5211192,2.348787,0.0,0.0,13.38
609,924.3182803,71.87335584,5.925072383,7.465310917,0.0,0.0,15.26333978
610,921.7721683,47.94241404,12.9398806,17.08765891,0.0,0.0,32.68783799
611,923.87,48.362,6.1739544,7.493749,0.0,0.0,42.84
612,921.1687386,63.98410533,4.718126612,5.96482484,0.0,0.0,10.46459156
613,919.3,39.956,1.4092722,2.1922012,0.26,2770.0,83.81
614,921.09,72.41,1.2750558,1.901399,0.0,0.0,17.3
615,918.2699194,53.55901829,5.085931369,7.974817452,0.0,0.0,18.65590535
616,917.2,75.506,7.4042714,8.2095698,0.0,0.0,14.35
617,920.24,74.408,6.487126,7.3595326,0.0,0.0,27.88
618,918.0,59.342,5.144962,6.3529096,0.0,0.0,60.74
619,916.8180715,74.30292525,6.654340972,7.469132162,0.0,0.0,13.59463032
620,921.2,56.786,9.5517338,11.0057448,-,0.0,59.79
621,920.1103502,74.81870794,2.361333411,3.044961821,0.0,0.0,16.12995176
622,921.88,47.57,13.2203154,17.4033932,0.0,0.0,31.99
623,923.3,58.874,8.1200922,10.0214912,0.0,0.0,33.05
624,916.17,56.57,7.717443,9.6635808,1.63,1860.0,70.8
625,912.4,50.774,-,4.8317904,0.0,0.0,86.84
626,915.93,64.118,3.452344067,4.324750667,0.01,10.0,47.22666667
627,921.4331658,64.63477581,5.024051647,6.936517565,0.0,13.86494417,9.220569973
628,919.1250905,62.99067247,3.853190247,5.211909552,0.0,0.0,20.8758446
629,919.511475,55.09340486,4.118457284,4.8332782,0.0,0.0,18.0051154
630,921.7634017,66.02246657,2.851264734,3.797460682,0.0,0.0,11.01582384
631,918.35,75.92,1.6105968,2.572481,0.0,0.0,16.22
632,922.18,75.218,0.9618842,1.5434886,0.0,0.0,14.65
633,918.73,53.96,5.59235,7.0910998,0.0,0.0,33.7
634,919.4074045,64.49647735,8.381485861,10.32079993,0.0,0.0,16.71937892
635,919.5613761,61.8557198,6.971292337,8.514192559,0.0,0.0,17.41660863
636,919.48,36.752,3.5119958,5.2344396,0.27,310.0,41.76
637,916.7,49.802,6.4423872,9.1043458,0.0,20.0,80.15
638,922.2212036,69.73657834,16.90820368,21.44342788,0.0,0.0,9.870100982
639,922.69,69.17,9.6412114,13.1308378,0.0,0.0,7.49
640,922.99,55.76,9.283301,12.1018454,0.0,0.0,16.82
641,922.37,56.48,1.8790296,3.1764548,0.02,120.0,65.54
642,920.75,49.1,7.8740288,9.4846256,0.18,250.0,91.7
643,916.37,76.748,4.0488614,4.8317904,0.0,0.0,18.53
644,917.85,53.312,1.7000744,2.7066974,0.0,0.0,38.36
645,914.25,52.556,7.9635064,9.3727786,0.0,0.0,49.79
646,920.5677648,59.88705019,17.64193067,23.19415116,0.0,7.916181494,10.24746225
647,918.8465982,74.9380125,3.063335637,3.831911189,0.0,0.0,8.691746315
648,921.6893583,65.95033957,2.946745948,3.925093732,0.0,0.0,10.84552398
649,919.7627531,77.67214353,5.33070988,6.306343862,0.0,0.0,19.80702189
650,916.9,73.292,1.5211192,2.348787,0.0,0.0,35.33
651,920.2774169,74.36171745,4.599091431,5.582473139,0.0,0.0,10.93387416
652,915.47,64.94,1.2974252,1.9237684,0.0,0.0,50.28
653,919.18,74.84,21.3404076,26.3511532,0.01,138.0,9.19
654,926.61,66.974,7.8069206,10.737312,0.0,0.0,17.63
655,916.51,82.22,2.2145706,3.0869772,0.0,0.0,26.74
656,920.83,66.344,15.4572554,16.4862478,0.0,0.0,23.77
657,915.4,69.836,3.8699062,4.7199434,0.0,0.0,10.79
658,919.2829423,63.33495992,4.419148423,6.230537572,0.0,0.0,16.25865948
659,924.0254996,60.10924157,18.82721552,23.47878185,0.0,10.52404247,12.90833003
660,917.04,42.134,12.415017,16.553356,0.0,0.0,83.25
661,918.0,75.74,4.9436374,6.151585,0.0,0.0,28.38
662,917.16,90.266,2.8185444,4.2949248,0.0,0.0,20.71
663,912.41,47.48,8.6345884,10.6478344,0.1,400.0,73.83
664,914.43,74.246,4.2054472,5.1897008,0.0,0.0,19.45
665,915.89,49.802,8.4780026,10.3570322,0.12,360.0,92.12
666,923.6682736,60.30090707,18.1894777,22.97934861,0.0,13.95890805,11.45538189
667,915.0,58.01,1.2079476,2.23694,0.0,0.0,73.28
668,920.02,74.552,4.6528352,5.6147194,0.0,0.0,10.73
669,917.3189871,74.06660772,2.643176606,3.28301697,0.0,0.0,12.95510614
670,910.92,48.362,-,16.1283374,4.97,10560.0,80.56
671,921.37,60.98,21.5417322,25.6353324,0.01,50.0,11.98
672,922.4489447,72.86377341,3.682369652,4.849449864,0.0,0.0,16.75367005
673,914.3,48.182,2.4830034,3.1764548,0.0,0.0,90.97
674,921.4598436,77.05329522,5.990086111,8.118863436,0.0,0.0,12.93258877
675,920.5981216,53.15492763,5.349240348,7.247049116,0.0,0.0,19.31840056
676,914.1543889,81.51024959,2.651553969,3.416936676,0.0,0.0,20.23164433
677,922.357267,74.35871192,4.179192563,6.903574224,0.0,0.0,12.49026787
678,917.3,70.088,2.6395892,3.4225182,0.0,0.0,36.38
679,914.79,48.272,5.6147194,8.0082452,0.0,0.0,90.89
680,918.94,68.81,3.35541,4.5409882,0.0,0.0,25.98
681,913.5,68.234,3.1093466,3.7580592,0.0,0.0,50.48
682,921.11,41.234,17.7613036,20.356154,0.0,0.0,89.84
683,923.4,42.692,2.572481,3.467257,0.0,0.0,72.57
684,921.32,60.674,4.0936002,4.8988986,0.0,0.0,23.77
685,920.92,74.21,8.4556332,10.6702038,0.0,0.0,15.74
686,916.62,46.922,8.3661556,9.5741032,0.0,0.0,70.61
687,912.39,41.522,3.8475368,4.5633576,6.025,14342.0,86.74
688,918.9445621,62.35351331,3.512705065,4.657631348,0.0,0.0,23.29704941
689,916.28,71.69,4.026492,4.7423128,0.0,0.0,43.06
690,913.66,80.204,2.3040482,3.0646078,0.01,30.0,28.26
691,921.34,70.016,2.23694,3.3106712,0.0,0.0,6.29
692,919.5,68.738,4.138339,5.4133948,0.0,0.0,15.03
693,917.9,76.802,2.5501116,3.4001488,0.0,0.0,30.31
694,925.3,70.466,6.7331894,7.941137,0.0,0.0,13.23
695,915.97,63.734,2.3935258,3.0869772,0.0,0.0,87.25
696,918.4,78.422,1.7671826,2.3040482,0.0,0.0,28.73
697,922.2,45.68,2.2816788,3.3106712,0.0,0.0,20.11
698,919.78,65.498,2.3040482,2.8409138,0.0,0.0,36.24
699,919.8881282,68.6878221,3.96085768,5.185547159,0.0,0.0,14.49283919
700,916.04,62.132,3.7580592,4.6752046,0.0,0.0,26.11
701,921.36,50.45,9.0148682,10.4688792,0.22,1070.0,80.6
702,914.9,53.942,4.0041226,4.9883762,0.0,0.0,75.77
703,922.4126587,64.01853693,3.250916119,4.844723245,0.0,0.0,15.98261038
704,916.03,62.51,6.2186932,6.822667,0.0,0.0,31.85
705,911.9,59.072,1.2750558,1.8342908,-,0.0,77.63
706,917.44,64.778,19.1705758,25.8590264,0.119,681.0,13.31
707,918.3268845,74.36302054,3.751717266,5.206253515,0.0,0.0,10.44641484
708,909.19,46.49,2.7738056,3.8922756,0.0,10.0,48.85
709,921.0566467,58.08519069,4.203757727,5.01394453,0.0,0.0,21.93489479
710,916.0,58.136,11.4531328,13.8466586,0.0,0.0,36.26
711,919.7,76.208,1.0737312,1.5211192,0.0,0.0,15.24
712,915.89,82.4,0.9171454,1.4316416,0.0,0.0,22.98
713,921.1602913,75.18941772,2.17327441,2.917762771,0.035138441,263.5383054,43.57119848
714,921.35,61.808,7.605596,9.5964726,0.0,0.0,18.47
715,923.6,65.03,7.0910998,8.4108944,0.0,0.0,20.86
716,920.7012114,73.85313148,8.236906106,10.3825958,0.0,0.0,15.90260585
717,916.3,73.922,1.5882274,2.3040482,0.0,0.0,13.67
718,919.3,63.608,4.1830778,5.7489358,0.0,0.0,18.53
719,923.9,62.69,2.9527608,4.6304658,0.0,0.0,30.84
720,913.7,98.906,2.125093,3.35541,0.0,0.0,11.49
721,921.17,70.322,17.6941954,22.1904448,0.0,0.0,9.42
722,923.349127,48.61116093,14.14179401,18.17721691,0.0,17.94465382,17.20328308
723,917.01,51.836,1.6105968,2.348787,0.0,0.0,70.01
724,920.7374477,70.92035517,5.544515244,7.380194375,0.0,0.0,10.10008289
725,917.4,70.736,1.1855782,1.7224438,0.0,0.0,39.45
726,920.86,42.134,8.3214168,10.5807262,0.0,0.0,92.31
727,920.9352433,64.8842063,15.0116453,18.62760708,0.0,0.0,9.895457057
728,917.8287728,80.83583716,2.774862772,3.597287633,0.0,0.0,20.13330499
729,916.0,81.518,1.7000744,2.5053728,0.0,0.0,21.36
730,923.8916608,56.98687988,13.33987076,17.4962426,0.0,0.0,17.60882962
731,922.9701665,51.39184697,-,11.11155532,0.0,4.735033634,34.80775347
732,913.5,56.336,2.2145706,2.9527608,0.0,0.0,74.33
733,916.18,49.568,7.2476856,8.9253906,0.0,0.0,83.62
734,918.2739689,55.58358679,6.503472883,7.912205077,0.0,0.0,24.38384619
735,913.49,65.39,2.6395892,3.4448876,0.0,0.0,51.06
736,910.57,46.562,15.65858,18.8126654,0.01,20.0,89.88
737,917.8951297,76.80469009,1.632704934,-,0.0,0.0,13.77131052
738,922.352876,69.39881071,6.147785059,7.738438622,0.0,0.0,12.7296686
739,919.1,87.602,2.1027236,3.2659324,0.0,0.0,14.57
740,917.21,82.742,2.7738056,3.6238428,0.0,0.0,24.62
741,916.8245105,86.67660439,2.359806477,3.17288152,0.0,0.0,18.15816846
742,917.1,61.502,3.7356898,4.3396636,0.0,0.0,32.68
743,917.07,47.102,4.5409882,6.487126,0.0,0.0,69.87
744,920.1,58.82,1.7224438,2.6619586,0.0,0.0,54.67
745,916.48,72.122,4.697574,5.8607828,0.0,0.0,36.26
746,924.51,71.906,6.6437118,8.276678,0.0,0.0,15.81
747,920.1,45.86,1.5211192,2.23694,0.239,1786.0,72.66
748,913.05,50.054,5.5028724,6.7779282,0.0,0.0,58.79
749,919.17,79.988,5.0778538,6.6437118,0.0,0.0,22.24
750,921.1593821,66.43582854,2.868671135,3.823486295,0.469525894,1455.972373,44.42683702
751,924.46,53.456,3.8922756,5.2120702,0.0,0.0,25.21
752,920.7591399,66.68754823,4.171357793,5.050586421,0.0,0.0,13.59904279
753,918.21,49.856,5.5476112,8.9924988,0.0,0.0,18.09
754,914.0271982,73.21899786,1.500595219,2.203273713,0.0,0.0,25.56141102
755,921.264866,76.37283607,1.909191129,2.580273129,0.039732047,293.0332248,47.02509101
756,921.31,61.34,7.7845512,9.1043458,0.0,0.0,35.42
757,914.9,75.02,4.1830778,5.3910254,0.0,20.0,38.72
758,919.37,65.138,8.724066,10.7596814,0.0,0.0,16.55
759,914.46,76.874,1.2974252,2.0803542,0.0,0.0,56.39
760,919.9018072,72.98237106,6.80400791,8.417063264,0.0,0.0,12.52558362
761,924.5712602,60.42124026,1.995469162,2.984585085,0.0,0.0,10.01870967
762,917.4852324,83.6369742,1.670929847,2.688247598,0.0,0.0,18.99148033
763,919.43,60.584,2.1474624,3.7580592,0.0,0.0,21.42
764,914.21,64.472,11.967629,14.1598302,0.008,34.0,44.44
765,923.8,55.13,3.019869,3.8475368,0.0,0.0,69.07
766,917.9,51.386,5.5699806,6.9792528,0.0,0.0,69.06
767,915.22,73.292,1.789552,2.908022,0.0,0.0,41.4
768,923.47,53.06,4.4291412,6.4647566,0.0,0.0,31.8
769,920.8111689,74.4839732,4.456796087,5.602233307,0.0,0.0,21.98094551
770,921.05,61.448,8.7911742,10.289924,0.0,0.0,27.63
771,920.8277336,62.18403182,7.437057441,9.328343075,0.0,0.0,16.80217215
772,915.5769393,73.75343537,9.333401902,10.89469134,0.0,0.0,31.6299773
773,915.7,72.59,3.4001488,4.1159696,0.0,0.0,32.72
774,922.73,72.23,6.5318648,8.3214168,0.0,0.0,13.07
775,919.11,55.166,3.802798,4.7423128,0.0,40.0,25.98
776,920.8976623,66.52878596,4.079293338,4.842643817,0.0,0.0,13.38270966
777,916.5,85.586,1.2974252,1.7448132,0.0,0.0,15.92
778,916.3,68.774,4.1159696,5.1897008,0.0,0.0,42.5
779,921.55,45.338,7.0239916,8.2990474,0.53,2940.0,91.1
780,916.2,84.488,4.5633576,5.7489358,0.0,0.0,19.4
781,918.4,57.56,3.1540854,4.362033,0.0,0.0,27.19
782,919.3224913,72.20937256,2.716911681,3.355286711,0.0,0.0,12.34120722
783,916.2,82.814,6.9568834,9.4398868,0.0,0.0,48.92
784,919.7,72.014,5.3015478,6.7779282,0.0,0.0,36.73
785,915.1,57.038,4.1159696,4.9436374,0.0,0.0,90.93
786,920.51,47.984,2.013246,3.3106712,0.0,0.0,90.39
787,919.8715514,65.66748194,3.842941803,5.037385576,0.0,0.0,13.53828952
788,917.9234418,73.24971734,4.132697506,5.345257827,0.0,-,6.939691553
789,922.5429891,67.90605742,4.28088479,5.262384454,0.0,0.0,11.50187879
790,922.31,58.946,3.5343652,4.6528352,0.75,3910.0,47.96
791,921.5575399,64.25058522,10.9268002,14.07831267,0.0,0.0,14.27929006
792,917.9,82.886,3.8922756,5.1225926,0.0,0.0,41.67
793,921.72,59.81,19.5061168,25.3668996,0.01,60.0,10.68
794,919.9075787,63.85844458,7.894795237,10.31704128,0.0,0.0,11.94515746
795,921.24,71.78,1.6105968,2.572481,0.0,0.0,16.83
796,918.4,51.602,2.572481,3.2211936,0.0,0.0,87.99
797,920.7362227,42.70311605,8.07323772,10.44128817,1.302200461,3662.002663,34.11027705
798,918.13,49.316,10.2004464,13.086099,0.04,200.0,88.48
799,917.65,82.436,2.2145706,2.8409138,0.0,0.0,7.13
800,919.88,61.502,10.9162672,12.5716028,0.0,0.0,20.22
801,916.76,87.008,2.3711564,3.1988242,0.0,0.0,19.02
802,918.7,47.786,2.3264176,2.8185444,0.12,410.0,91.71
803,925.3050897,57.09312964,15.40276692,19.95316567,0.0,3.579311096,17.85122729
804,920.14,64.058,4.2054472,5.0107456,0.0,0.0,23.78
805,918.0,66.758,5.704197,6.7555588,0.0,0.0,54.21
806,920.35,46.868,7.4266408,9.2385622,5.56,5820.0,91.24
807,916.3,83.012,4.362033,5.4357642,0.0,0.0,35.42
808,916.51,75.47,1.0513618,1.6105968,0.0,0.0,26.94
809,917.4,69.278,1.5882274,2.2145706,0.0,0.0,22.24
810,920.225446,75.24016923,3.016165034,3.871704661,0.0,0.0,23.27741773
811,921.591558,58.75454853,2.774969759,3.417291363,0.0,0.0,23.87597386
812,915.47,79.538,2.9974996,3.8475368,0.0,0.0,44.79
813,917.01,41.0,3.914645,6.151585,2.69,6440.0,65.34
814,912.06,52.034,2.348787,3.1540854,0.0,0.0,88.01
815,914.8,71.294,2.0803542,2.908022,0.0,0.0,24.38
816,921.2694426,54.15816918,4.925063874,6.259874088,0.0,0.0,19.66515337
817,920.1920294,67.32501281,1.224716693,2.066353433,0.0,0.0,14.00975348
818,921.4,63.05,1.3197946,1.8790296,0.0,0.0,40.7
819,921.52,59.216,14.7861734,18.119214,0.0,40.0,18.94
820,921.9752196,67.32097329,16.96224014,20.99143952,0.0,0.0,15.99216387
821,915.9,69.134,1.9908766,2.7738056,0.0,20.0,71.73
822,916.2303005,62.72080284,9.514091966,12.09017225,0.0,0.0,28.27236211
823,916.1,69.512,7.4713796,8.5674802,0.0,0.0,30.25
824,917.7,59.432,1.6553356,2.348787,0.0,0.0,23.57
825,921.559754,70.94586688,3.975136621,6.396812114,0.0,0.0,15.45263103
826,919.85,77.36,1.8790296,2.5053728,0.0,0.0,43.76
827,920.7366407,69.53207696,4.019666294,4.802682416,0.0,0.0,14.59236486
828,915.14,59.81,6.4423872,7.5161184,0.0,0.0,41.07
829,918.26,49.892,4.4291412,7.3371632,0.02,167.0,35.18
830,921.4142774,62.56449595,8.634210067,10.98454857,0.0,0.0,17.17209029
831,916.63,81.266,1.006623,1.5882274,0.0,0.0,23.33
832,918.88,60.476,9.5964726,14.4058936,0.0,0.0,89.9
833,915.6256331,77.30113675,1.760152838,2.398142398,0.0,0.0,20.40600856
834,921.5915674,59.42855507,16.47514291,20.71270273,0.003578368,47.15673629,15.98426791
835,919.12,79.34,1.4987498,2.125093,0.0,0.0,35.09
836,924.11,55.184,3.6685816,4.6752046,0.0,0.0,48.68
837,917.94,46.616,4.6752046,5.5476112,0.0,0.0,85.75
838,918.57,76.046,3.131716,3.9817532,0.0,0.0,25.72
839,917.41,79.988,4.8765292,5.8831522,0.0,0.0,26.1
840,918.0437667,-,0.96437611,1.57000733,0.0,0.0,11.91122248
841,918.37,72.932,2.013246,2.7738056,0.0,0.0,8.81
842,920.2171056,56.64583782,3.992825728,4.798595788,0.0,0.0,22.91472429
843,919.2886585,77.34951429,1.420641655,1.969476867,0.0,0.0,19.44743016
844,921.4,75.236,4.026492,4.921268,0.0,0.0,15.06
845,921.6133725,68.65897257,2.248931575,3.043049121,0.0,0.0,12.38320679
846,916.45,46.022,5.144962,6.1739544,0.0,0.0,78.01
847,916.0,61.016,5.9055216,6.934514,0.0,0.0,50.77
848,915.25,37.562,11.5873492,-,3.171,2891.0,91.0
849,920.9797793,71.47359193,2.727453902,3.778071804,0.0,0.0,20.82159782
850,920.9861865,57.07364499,2.821004591,3.425700413,0.0,0.0,21.90585188
851,921.6204731,75.36562384,1.886436685,2.425440266,0.0,0.0,13.17181298
852,919.72,73.4,1.8566602,2.572481,0.01,80.0,56.8
853,917.3,73.184,4.6752046,5.256809,0.0,0.0,36.57
854,920.1,52.97,5.3910254,7.4490102,0.0,0.0,19.06
855,921.0380775,51.35500803,16.54189347,21.03101747,0.0,19.02647628,11.59549903
856,919.55,39.524,12.3926476,13.5111176,5.06,10329.0,91.7
857,916.2583087,74.59301339,8.768240115,10.23926855,0.0,0.0,29.66692448
858,919.33,53.942,1.6105968,2.2816788,0.21,610.0,72.67
859,920.6676177,68.39534226,4.146405853,5.489133822,0.0,0.0,15.91576507
860,917.8957324,74.83131615,1.937641569,2.64280279,0.0,0.0,17.07665439
861,919.0654084,-,2.639599713,3.326949412,0.0,0.0,12.49783852
862,918.1749556,73.22148689,1.645833346,2.352811934,0.0,0.0,9.723628837
863,917.4474729,75.70030204,2.64351687,3.849548346,0.0,0.0,25.78832296
864,922.82,55.094,2.7514362,3.4448876,0.0,0.0,35.21
865,920.71,50.414,16.2849232,20.7588032,0.0,20.0,11.43
866,925.1728084,72.08517344,2.620778064,3.473218344,0.0,0.0,15.34482926
867,914.49,77.738,9.506995,10.8715284,0.0,0.0,23.11
868,923.77,71.78,3.8699062,5.144962,0.0,0.0,13.7
869,-,45.104,3.2659324,4.026492,0.0,80.0,85.27
870,916.42,46.562,7.0239916,9.4622562,0.573,1105.0,85.63
871,917.61,69.296,2.0356154,2.6619586,1.8,5510.0,66.77
872,918.2,89.204,1.1855782,1.7671826,0.0,0.0,26.57
873,916.69,79.214,1.6553356,2.4830034,0.0,0.0,21.47
874,911.27,59.828,2.2593094,2.9751302,0.0,0.0,86.73
875,918.1250622,68.24414977,16.25091168,20.70474611,0.0,0.0,16.83697237
876,918.46,79.448,2.9303914,3.4896264,0.05,140.0,29.46
877,916.0291752,87.13618305,1.57681889,2.589369955,0.0,0.0,12.62275271
878,925.2776612,66.46657459,11.22885388,15.34401109,0.0,0.0,13.93273829
879,916.4,48.038,4.026492,5.8607828,0.0,0.0,44.62
880,911.6,42.638,1.9685072,2.6619586,17.616,8330.0,90.23
881,915.29,50.612,4.4515106,7.2029468,0.0,0.0,62.46
882,923.860559,58.27301474,14.09544371,18.39146099,0.0,0.0,19.31229133
883,918.6,64.382,2.460634,3.0646078,0.0,0.0,34.98
884,918.84,68.954,3.8922756,5.5699806,0.0,0.0,14.74
885,919.39,67.064,5.4581336,6.8674058,0.0,0.0,20.18
886,918.7,69.422,0.782929,1.1855782,0.0,0.0,18.18
887,913.0,52.322,5.9502604,7.270055,0.0,0.0,79.91
888,915.82,62.492,8.5674802,11.1399612,0.0,0.0,29.92
889,920.7911244,59.07781766,17.7440939,23.3713405,0.0,8.629790423,9.690133679
890,913.93,81.752,2.908022,3.7356898,0.0,0.0,20.42
891,920.28,74.03,2.23694,2.8856526,0.0,0.0,13.48
892,916.26,69.008,2.7066974,3.2659324,0.0,0.0,42.79
893,920.8629104,74.01465699,1.573645191,2.324653549,0.0,0.0,12.01012198
894,915.1048528,80.66103183,1.53536419,2.41188754,0.0,0.0,18.80534566
895,919.2351526,65.95111244,2.942018686,3.658810375,0.0,0.0,14.07350355
896,914.96,66.776,4.9883762,5.816044,0.0,0.0,27.4
897,916.83,64.994,9.0819764,10.4465098,0.0,0.0,24.86
898,922.6501405,59.81180172,4.466058582,6.912014498,0.0,0.0,21.48645133
899,916.08,61.286,1.9685072,2.684328,0.0,0.0,62.12
900,921.7270335,61.24961743,10.2417653,13.12279004,0.0,0.0,17.91855208
901,914.6210615,74.40354197,4.27043096,5.256350811,0.0,0.0,19.47756053
902,920.3404306,67.28122262,4.639243804,6.060625339,0.0,0.0,15.25367544
903,923.394624,62.23103922,15.00517547,19.2648777,0.0,0.0,10.9409164
904,920.6989015,50.96480352,16.04374939,20.54954946,0.0,18.41449765,12.64766581
905,917.1,43.592,8.276678,9.4398868,0.0,0.0,92.34
906,925.2785355,58.09476625,18.25424942,22.74210607,0.0,10.0,14.55166707
907,918.6,87.44,3.4001488,4.4067718,0.0,0.0,12.11
908,918.6,40.28,3.1540854,4.5186188,0.0,0.0,39.77
909,918.3215747,71.83114162,2.648180251,3.862571139,0.0,0.0,23.1792593
910,917.33,73.202,1.3869028,2.013246,0.0,0.0,36.7
911,917.18,49.19,1.565858,2.3264176,0.0,0.0,91.11
912,919.9,70.484,21.0496054,26.7985412,0.0,32.0,15.72
913,921.17,69.548,2.348787,3.3330406,0.0,0.0,18.97
914,921.3,46.238,3.3330406,4.809421,0.0,0.0,73.93
915,925.29,68.36,14.0703526,19.5284862,0.0,0.0,13.99
916,918.8455663,80.22937326,1.915898906,2.969309058,0.0,0.0,24.9724584
917,920.7675706,51.41195136,10.32725349,14.14616965,0.0,0.0,39.18913674
918,915.07,58.046,7.6950736,8.9924988,0.0,0.0,55.2
919,918.67,71.996,2.7290668,3.5567346,0.0,0.0,32.59
920,920.4238629,70.86005799,4.388915618,5.25944304,0.0,0.0,11.95066421
921,920.8284136,69.81576332,12.81653165,16.25620666,0.0,0.0,13.93604113
922,913.77,49.424,12.5716028,15.3677778,0.0,0.0,83.06
923,918.68,64.868,1.2750558,1.789552,0.0,0.0,90.67
924,922.17,64.112,6.1068462,8.6569578,0.0,30.0,9.71
925,916.07,77.666,2.3264176,3.0646078,0.39,900.0,28.45
926,920.3001675,66.95311021,21.41819687,25.81563062,0.0,38.27713741,13.02867733
927,919.73,67.118,2.5053728,3.2659324,0.0,0.0,64.08
928,915.5,70.088,5.9502604,7.1358386,0.0,0.0,35.59
929,920.65,51.818,10.0214912,13.8019198,0.0,0.0,39.95
930,914.83,85.46,1.4316416,2.23694,0.0,0.0,18.15
931,917.81,73.76,1.6105968,2.1474624,0.0,0.0,30.67
932,912.9,37.04,4.2725554,5.8607828,22.022,9974.0,92.62
933,919.4,77.738,0.9842536,1.7000744,0.0,0.0,13.3
934,915.01,60.602,6.3529096,7.6727042,0.0,0.0,51.96
935,922.9,71.078,3.1540854,4.3844024,0.0,0.0,23.79
936,915.13,62.15,3.7356898,4.4962494,0.0,0.0,73.0
937,920.6323544,78.02312026,11.41455531,14.56586307,0.01,84.71921859,8.471749806
938,919.4911333,68.80559524,4.126234313,5.396914925,0.0,0.0,15.06324997
939,917.0,77.864,1.1632088,1.6105968,0.0,0.0,30.82
940,918.79,61.808,3.2211936,4.1830778,0.0,0.0,25.37
941,920.41,65.984,21.5193628,25.5458548,0.0,40.0,12.29
942,920.9927573,63.48552228,1.401010393,2.01407028,0.0,0.0,13.92370185
943,911.68,62.87,11.0057448,12.7729274,0.0,0.0,26.26
944,920.18,53.294,5.2344396,6.3529096,0.0,0.0,80.15
945,919.7,72.428,1.342164,2.0803542,0.0,0.0,48.59
946,923.0518734,68.19432232,2.474477801,3.276845526,0.0,0.0,10.14553395
947,922.4,47.696,2.5277422,3.5119958,0.0,0.0,88.26
948,915.39,71.42,2.1698318,2.684328,0.0,0.0,40.34
949,914.8,67.658,1.6105968,2.23694,0.0,0.0,30.27
950,920.971398,68.25382288,2.248278623,3.125880545,0.0,0.0,18.64205295
951,920.8443244,69.74583004,12.90095773,16.30421365,0.0,0.0,14.15768153
952,922.18,70.106,3.6238428,4.0488614,0.0,0.0,16.12
953,914.0,73.454,4.5409882,5.2791784,0.0,0.0,33.74
954,924.29,62.33,2.3040482,2.8632832,0.0,0.0,35.77
955,918.8942298,64.7344245,2.882002313,3.688615166,0.0,0.0,10.86279645
956,918.0,82.364,1.8119214,2.6395892,0.0,0.0,26.92
957,923.12,68.27,2.4830034,3.2883018,0.0,0.0,10.02
958,922.8727888,62.77940833,14.98319216,19.11978784,0.0,0.0,10.44856349
959,916.14,84.02,2.5053728,2.908022,0.0,0.0,13.74
960,919.0095905,62.58302534,3.635351726,4.857288702,0.0,0.0,22.42490372
961,920.0956776,53.80033018,4.366221857,5.131371245,0.0,0.0,19.8175519
962,919.0907964,74.90201928,2.015850863,2.694086104,0.027208881,204.0666078,39.68863741
963,924.67,59.918,1.7448132,2.6619586,0.0,0.0,9.9
964,914.97,67.046,3.2883018,3.8475368,0.0,0.0,26.47
965,917.7350114,81.78333547,2.237281703,3.009168379,0.0,0.0,17.41160528
966,922.6,59.324,1.8342908,2.5948504,0.0,0.0,10.94
967,918.1087301,66.61972521,2.913576002,4.442629454,0.0,0.0,23.80606401
968,916.32,70.016,3.6238428,4.362033,0.0,0.0,66.79
969,920.8239102,66.57096157,4.128369218,4.956648424,0.0,0.0,13.52217246
970,916.99,75.074,4.6080964,6.375279,0.0,0.0,8.83
971,919.7,73.814,1.4092722,1.901399,0.0,0.0,33.59
972,922.5720648,60.67166385,3.052598233,4.794793953,0.0,0.0,18.93901661
973,922.12,55.58,14.2940466,19.01399,0.0,0.0,19.19
974,920.61,65.03,2.5501116,3.7580592,0.0,0.0,20.03
975,915.6,69.206,2.572481,3.243563,0.0,0.0,38.57
976,917.0,44.636,10.0885994,12.7281886,0.76,1500.0,91.8
977,919.2879854,76.70823367,1.302947414,1.814130286,0.0,0.0,19.35192879
978,917.64,77.846,3.6238428,4.1159696,0.0,0.0,30.76
979,920.7155319,62.81579151,3.872760504,4.771044039,0.0,0.0,24.05231604
980,920.091803,75.66404848,1.154953712,1.751028257,0.0,0.0,13.83389187
981,919.0,63.464,0.782929,1.230317,0.0,0.0,28.43
982,922.3027742,69.02818204,3.973188946,4.984299951,0.0,0.0,13.55635551
983,921.5,62.996,5.2791784,6.4200178,0.0,0.0,11.96
984,921.86,38.588,3.579104,4.3396636,18.08,15800.0,81.82
985,919.7,78.53,4.9436374,5.7265664,0.0,0.0,8.48
986,916.04,51.818,4.0936002,4.7646822,0.0,0.0,77.49
987,926.52,65.516,17.4928708,20.7140644,0.0,0.0,15.48
988,916.1,82.454,3.5567346,5.3015478,0.0,0.0,19.34
989,918.3000615,55.42180155,4.853685835,7.462878372,0.0,0.0,18.94058096
990,920.8027258,72.8910007,2.014859014,2.997145103,0.0,0.0,6.929473039
991,919.721008,70.23498504,3.325509791,4.964459921,0.0,0.0,18.78337755
992,913.64,74.516,1.8566602,2.2816788,0.0,0.0,37.53
993,921.6458395,65.7349581,2.024552486,2.564244708,0.0,0.0,11.27919212
994,917.73,76.136,4.2949248,5.9502604,0.0,0.0,38.52
995,917.35,77.756,2.0579848,3.8699062,0.0,0.0,26.39
996,920.02,71.114,3.4001488,4.8317904,0.0,0.0,48.22
997,921.8625068,61.40668743,2.550631821,3.070345507,0.0,0.0,21.63027016
998,914.14,71.24,1.7224438,2.3264176,0.0,0.0,24.2
999,916.86,79.322,1.7671826,2.572481,0.0,0.0,38.77
1000,919.31031,76.06409876,2.081832283,2.688532415,0.01766519,23.55358711,20.31695475
1001,922.3553592,59.81945291,14.1928163,18.02247012,0.0,0.0,19.41309619
1002,919.71,43.682,5.0107456,6.5766036,0.01,200.0,82.15
1003,918.66,57.272,3.9370144,5.480503,0.0,0.0,46.56
1004,923.5212962,71.57442861,4.729387099,6.516347079,0.0,0.0,16.24878385
1005,919.46,71.816,8.8135436,11.1623306,0.0,0.0,10.4
1006,915.6441391,82.33491951,1.563611187,2.399074064,0.0,0.0,19.83390259
1007,920.396217,72.22044333,3.077606869,4.066264993,0.018967556,142.2566718,30.43639756
1008,916.66,56.336,3.579104,4.2725554,0.0,0.0,77.48
1009,910.45,47.822,14.428263,18.0744752,0.01,75.0,91.79
1010,923.02,60.494,1.9237684,2.4382646,0.0,0.0,7.81
1011,916.84,55.274,4.9436374,6.2410626,0.01,110.0,20.92
1012,923.9533869,60.14793282,18.69847625,23.37796194,0.0,11.21743411,12.61502537
1013,913.65,65.678,8.8806518,11.967629,0.0,0.0,42.44
1014,919.76,64.814,4.2949248,6.1292156,0.0,0.0,31.49
1015,919.4,79.178,2.4158952,3.579104,0.0,0.0,35.4
1016,922.6928576,62.72707028,7.659790564,9.662589501,0.0,0.0,25.0485079
1017,924.79,68.306,14.987498,19.6179638,0.0,0.0,10.97
1018,919.97,64.184,0.7381902,1.3197946,0.01,10.0,32.7
1019,922.2732645,68.78916785,9.583844486,12.77229459,0.0,0.0,7.522056578
1020,918.7,74.444,0.9171454,1.342164,0.0,0.0,12.72
1021,919.242813,61.4497224,1.818527503,2.36309253,0.0,0.0,16.37924091
1022,918.8,49.874,3.8699062,4.5633576,0.0,0.0,40.26
1023,915.2,59.972,1.9908766,2.460634,0.0,0.0,35.92
1024,919.5175966,75.62894882,2.124286376,2.794903847,0.0,0.0,14.1332888
1025,919.4,58.406,6.6884506,8.4108944,0.0,0.0,15.02
1026,916.54,80.384,1.0961006,1.4763804,0.0,0.0,13.22
1027,916.16,48.128,12.8176662,14.987498,5.272,10725.0,91.49
1028,912.0,56.138,3.0869772,3.8475368,0.0,0.0,75.52
1029,925.31,57.398,2.9751302,3.8475368,0.0,0.0,19.28
1030,919.759618,69.77352415,3.399158603,5.086765572,0.0,0.0,19.64885314
1031,922.6691951,-,7.969685803,10.26233703,0.0,0.0,18.92080492
1032,919.84,65.678,9.4846256,10.8715284,0.0,0.0,18.11
1033,919.3375546,85.29200269,3.096761951,3.948782008,0.0,0.0,15.33848558
1034,917.38,73.616,5.7936746,7.0239916,0.0,0.0,38.23
1035,919.67,77.576,6.5542342,8.164831,0.0,-,56.86
1036,918.7194145,61.58215525,1.803944447,2.352676062,0.0,0.0,17.56666629
1037,923.7346151,59.08935014,18.65398595,23.26840357,0.0,11.02488089,12.95577025
1038,920.4856087,74.19603742,5.557863297,6.713967046,0.0,0.0,14.95654426
1039,917.7857392,69.05672281,12.22183056,15.3325047,0.0,6.029672931,11.98446352
1040,923.1404696,58.23451934,10.35193421,13.10922539,0.0,0.0,17.21616254
1041,917.6,74.12,2.1474624,3.467257,0.0,0.0,11.69
1042,913.41,63.482,4.2278166,4.7870516,0.0,0.0,49.2
1043,917.09,55.274,6.0173686,6.9568834,0.0,0.0,78.2
1044,923.1077681,60.60163981,17.1888352,22.19571292,0.0,19.34838372,9.175633688
1045,915.93,68.198,2.0803542,2.6172198,0.0,0.0,48.84
1046,918.08,73.706,2.8856526,3.8251674,0.0,0.0,31.5
1047,917.0,51.296,3.0646078,4.8541598,0.0,0.0,23.29
1048,914.6,62.366,1.5882274,2.1027236,0.0,0.0,86.6
1049,918.0,71.312,2.9527608,4.1607084,0.0,0.0,35.17
1050,917.59,82.67,3.6014734,4.7199434,0.0,0.0,13.88
1051,923.621726,71.63345648,3.901578573,5.184552467,0.0,0.0,13.73146399
1052,921.5698459,61.79127933,8.47833606,10.78090554,0.0,0.0,18.23157557
1053,916.2184012,79.51791003,2.200951781,3.234710426,0.0,0.0,13.37053798
1054,920.50894,80.98892224,9.482313417,11.82181614,0.0,0.0,19.17191747
1055,920.0807771,60.96645401,2.751329472,3.645007589,0.0,0.0,20.4813089
1056,918.6,72.824,6.3081708,7.0016222,0.0,0.0,22.5
1057,915.91,63.986,3.8251674,5.0107456,0.0,0.0,40.97
1058,917.01,74.84,0.8276678,1.2974252,0.0,0.0,30.45
1059,920.74,59.09,8.9924988,10.7596814,0.08,520.0,35.26
1060,912.9,78.332,7.82929,9.8872748,0.0,0.0,28.86
1061,920.9004345,64.14800226,2.635249037,3.310595353,0.0,0.0,16.54056386
1062,914.56,76.226,6.6437118,8.052984,0.0,0.0,25.84
1063,917.3001851,65.7900009,1.879553141,2.692862361,0.0,0.0,14.97266789
1064,913.85,79.736,3.1093466,3.9817532,0.0,0.0,21.48
1065,915.6,69.584,4.6304658,5.480503,0.0,0.0,28.97
1066,919.5648688,73.72673151,3.551777042,4.861314907,-,0.0,11.65731434
1067,917.69,64.994,2.9751302,3.7356898,0.0,0.0,54.88
1068,920.33,68.864,2.0356154,3.0869772,0.0,0.0,52.38
1069,918.26,82.22,1.0961006,1.7224438,0.0,0.0,32.46
1070,911.6,46.346,2.3040482,3.1540854,0.0,0.0,90.51
1071,919.2,70.25,2.013246,2.6172198,0.0,0.0,42.06
1072,923.1,75.596,1.4092722,1.8566602,0.0,0.0,11.88
1073,917.92,84.65,4.8317904,5.8384134,0.0,0.0,16.22
1074,913.87,66.938,6.5094954,7.4713796,0.0,0.0,57.43
1075,922.8581101,64.98936079,10.26118718,11.94920569,0.0,0.0,14.52510864
1076,925.55,50.918,5.4133948,8.1200922,0.0,10.0,29.09
1077,920.13,73.292,4.1159696,4.9660068,0.0,0.0,33.52
1078,924.0178563,68.3703069,15.16279989,19.80357757,0.0,0.0,11.59923953
1079,917.2,65.264,1.7671826,2.5501116,0.0,0.0,58.37
1080,916.26,79.772,3.5119958,4.1607084,0.0,0.0,27.68
1081,920.8569129,69.88433806,12.23866984,16.06785991,0.0,0.0,11.9568515
1082,916.13,50.108,2.5501116,3.5343652,0.0,0.0,89.8
1083,916.32,48.308,4.8541598,5.8607828,0.0,0.0,91.03
1084,917.13,80.24,1.6329662,2.2593094,0.0,0.0,28.26
1085,914.84,47.354,3.7133204,4.6528352,0.0,0.0,92.3
1086,921.26,52.646,2.0356154,3.0422384,0.0,0.0,91.11
1087,914.0,66.65,8.3661556,9.4398868,0.0,0.0,30.92
1088,912.9,71.87,1.4316416,2.0579848,0.0,0.0,51.84
1089,915.0,55.04,5.368656,7.0687304,0.0,0.0,73.55
1090,918.9,63.104,3.8699062,5.2120702,0.0,0.0,26.02
1091,918.71,49.568,1.8119214,2.3711564,0.0,0.0,90.35
1092,916.6,71.096,3.0646078,3.8922756,0.0,0.0,45.59
1093,912.6,58.406,3.8251674,4.7646822,0.0,0.0,64.84
1094,921.53,77.702,3.2659324,4.4515106,0.0,0.0,14.56
